timestamp,2.,2.1,5.,5.1,6.,6.1,8.,8.1,9.,9.1,14.,14.1,18.,18.1,23.,23.1,25.,25.1,28.,28.1,33.,33.1,34.,34.1
1771111373.8030202,0.00,0.00,0.00,0.00,0.00,0.00,0.00,0.00,33.00,0.00,0.00,0.00,0.00,0.00,0.00,0.00,0.00,0.00,0.00,0.00,0.00,0.00,0.00,0.00
1771111373.8035822,0.00,0.00,0.00,0.00,0.00,0.00,0.00,0.00,33.00,0.00,0.00,0.00,0.00,0.00,0.00,0.00,0.00,0.00,0.00,0.00,0.00,0.00,0.00,0.00
1771111373.819352,33.00,0.00,0.00,0.00,0.00,0.00,0.00,0.00,33.00,0.00,0.00,0.00,0.00,0.00,0.00,0.00,0.00,0.00,0.00,0.00,0.00,0.00,0.00,0.00
1771111373.81976,33.00,0.00,0.00,0.00,0.00,0.00,0.00,0.00,33.00,0.00,0.00,0.00,0.00,0.00,0.00,0.00,0.00,0.00,0.00,0.00,0.00,0.00,0.00,0.00
1771111373.8377028,33.00,0.00,0.00,0.00,0.00,0.00,0.00,0.00,33.00,0.00,0.00,0.00,0.00,0.00,0.00,0.00,0.00,0.00,0.00,0.00,0.00,0.00,0.00,0.00
1771111373.8381705,33.00,0.00,0.00,0.00,0.00,0.00,0.00,0.00,33.00,0.00,0.00,0.00,0.00,0.00,0.00,0.00,0.00,0.00,0.00,0.00,0.00,0.00,0.00,0.00
1771111373.8533719,33.00,0.00,0.00,0.00,0.00,0.00,0.00,0.00,33.00,0.00,0.00,0.00,0.00,0.00,0.00,0.00,0.00,0.00,0.00,0.00,0.00,0.00,0.00,0.00
1771111373.8538465,33.00,0.00,0.00,0.00,0.00,0.00,0.00,0.00,33.00,0.00,0.00,0.00,0.00,0.00,0.00,0.00,0.00,0.00,0.00,0.00,0.00,0.00,0.00,0.00
1771111388.8242702,33.00,0.00,0.00,0.00,0.00,0.00,0.00,33.00,66.00,0.00,0.00,0.00,0.00,0.00,0.00,0.00,0.00,0.00,33.00,0.00,0.00,0.00,0.00,0.00
1771111388.8249624,33.00,0.00,0.00,0.00,0.00,0.00,0.00,33.00,66.00,0.00,0.00,0.00,0.00,0.00,0.00,0.00,0.00,0.00,33.00,0.00,0.00,0.00,0.00,0.00
1771111388.8431914,33.00,0.00,0.00,0.00,0.00,0.00,0.00,33.00,66.00,0.00,0.00,0.00,0.00,0.00,0.00,0.00,0.00,0.00,33.00,0.00,0.00,0.00,0.00,0.00
1771111388.8438106,33.00,0.00,0.00,0.00,0.00,0.00,0.00,33.00,66.00,0.00,0.00,0.00,0.00,0.00,0.00,0.00,0.00,0.00,33.00,0.00,0.00,0.00,0.00,0.00
1771111388.8639448,33.00,0.00,0.00,0.00,0.00,0.00,0.00,33.00,66.00,0.00,0.00,0.00,0.00,0.00,0.00,0.00,0.00,0.00,33.00,0.00,0.00,0.00,0.00,0.00
1771111388.8646708,33.00,0.00,0.00,0.00,0.00,0.00,0.00,33.00,66.00,0.00,0.00,0.00,0.00,0.00,0.00,0.00,0.00,0.00,33.00,0.00,0.00,0.00,0.00,0.00
1771111388.8842502,33.00,0.00,0.00,0.00,0.00,0.00,0.00,33.00,66.00,0.00,0.00,0.00,0.00,0.00,0.00,0.00,0.00,0.00,33.00,0.00,0.00,0.00,0.00,0.00
1771111388.8849695,33.00,0.00,0.00,0.00,0.00,0.00,0.00,33.00,66.00,0.00,0.00,0.00,0.00,0.00,0.00,0.00,0.00,0.00,33.00,0.00,0.00,0.00,0.00,0.00
1771111411.850114,33.00,0.00,33.00,0.00,0.00,0.00,33.00,33.00,66.00,0.00,0.00,0.00,None,None,33.00,0.00,66.00,0.00,33.00,0.00,0.00,0.00,0.00,0.00
1771111411.8518019,33.00,0.00,33.00,0.00,0.00,0.00,33.00,33.00,66.00,0.00,0.00,0.00,None,None,33.00,0.00,66.00,0.00,33.00,0.00,0.00,0.00,0.00,0.00
1771111411.8925707,33.00,0.00,33.00,0.00,0.00,0.00,33.00,33.00,66.00,0.00,0.00,0.00,None,None,33.00,0.00,99.00,0.00,33.00,0.00,0.00,0.00,0.00,0.00
1771111411.894213,33.00,0.00,33.00,0.00,0.00,0.00,33.00,33.00,66.00,0.00,0.00,0.00,None,None,33.00,0.00,99.00,0.00,33.00,0.00,0.00,0.00,0.00,0.00
1771111411.9292943,33.00,0.00,33.00,0.00,0.00,0.00,33.00,33.00,66.00,0.00,0.00,0.00,None,None,33.00,0.00,99.00,0.00,33.00,0.00,0.00,0.00,0.00,0.00
1771111411.9306679,33.00,0.00,33.00,0.00,0.00,0.00,33.00,33.00,66.00,0.00,0.00,0.00,None,None,33.00,0.00,99.00,0.00,33.00,0.00,0.00,0.00,0.00,0.00
1771111411.9673572,33.00,0.00,33.00,0.00,0.00,0.00,33.00,33.00,66.00,0.00,0.00,0.00,None,None,33.00,0.00,99.00,0.00,33.00,0.00,0.00,0.00,0.00,0.00
1771111411.9690418,33.00,0.00,33.00,0.00,0.00,0.00,33.00,33.00,66.00,0.00,0.00,0.00,None,None,33.00,0.00,99.00,0.00,33.00,0.00,0.00,0.00,0.00,0.00
1771111425.8858318,33.00,0.00,66.00,0.00,0.00,0.00,66.00,33.00,66.00,0.00,0.00,0.00,0.00,0.00,66.00,0.00,99.00,0.00,33.00,0.00,0.00,0.00,0.00,0.00
1771111425.8875396,33.00,0.00,66.00,0.00,0.00,0.00,66.00,33.00,66.00,0.00,0.00,0.00,0.00,0.00,66.00,0.00,99.00,0.00,33.00,0.00,0.00,0.00,0.00,0.00
1771111425.9274614,33.00,0.00,66.00,0.00,0.00,0.00,66.00,33.00,66.00,0.00,0.00,0.00,0.00,0.00,66.00,0.00,99.00,0.00,33.00,0.00,0.00,0.00,0.00,0.00
1771111425.9290836,33.00,0.00,66.00,0.00,0.00,0.00,66.00,33.00,66.00,0.00,0.00,0.00,0.00,0.00,66.00,0.00,99.00,0.00,33.00,0.00,0.00,0.00,0.00,0.00
1771111425.9688473,33.00,0.00,66.00,0.00,0.00,0.00,66.00,33.00,66.00,0.00,0.00,0.00,0.00,0.00,66.00,0.00,99.00,0.00,33.00,0.00,0.00,0.00,0.00,0.00
1771111425.97054,33.00,0.00,66.00,0.00,0.00,0.00,66.00,33.00,66.00,0.00,0.00,0.00,0.00,0.00,66.00,0.00,99.00,0.00,33.00,0.00,0.00,0.00,0.00,0.00
1771111426.0135565,33.00,0.00,66.00,0.00,0.00,0.00,66.00,33.00,66.00,0.00,0.00,0.00,0.00,0.00,66.00,0.00,99.00,0.00,33.00,0.00,0.00,0.00,0.00,0.00
1771111426.0153275,33.00,0.00,66.00,0.00,0.00,0.00,66.00,33.00,66.00,0.00,0.00,0.00,0.00,0.00,66.00,0.00,99.00,0.00,33.00,0.00,0.00,0.00,0.00,0.00
1771111439.935846,33.00,0.00,66.00,0.00,0.00,0.00,99.00,33.00,66.00,0.00,33.00,0.00,0.00,0.00,66.00,0.00,99.00,33.00,99.00,0.00,0.00,0.00,0.00,0.00
1771111439.9378672,33.00,0.00,66.00,0.00,0.00,0.00,99.00,33.00,66.00,0.00,33.00,0.00,0.00,0.00,66.00,0.00,99.00,33.00,99.00,0.00,0.00,0.00,0.00,0.00
1771111439.9842584,33.00,0.00,66.00,0.00,0.00,0.00,99.00,33.00,66.00,0.00,33.00,0.00,0.00,0.00,66.00,0.00,99.00,33.00,99.00,0.00,0.00,0.00,0.00,0.00
1771111439.9863312,33.00,0.00,66.00,0.00,0.00,0.00,99.00,33.00,66.00,0.00,33.00,0.00,0.00,0.00,66.00,0.00,99.00,33.00,99.00,0.00,0.00,0.00,0.00,0.00
1771111440.0360396,33.00,0.00,66.00,0.00,0.00,0.00,99.00,33.00,66.00,0.00,66.00,0.00,0.00,0.00,66.00,0.00,99.00,33.00,99.00,0.00,0.00,0.00,0.00,0.00
1771111440.0381005,33.00,0.00,66.00,0.00,0.00,0.00,99.00,33.00,66.00,0.00,66.00,0.00,0.00,0.00,66.00,0.00,99.00,33.00,99.00,0.00,0.00,0.00,0.00,0.00
1771111440.0855536,33.00,0.00,66.00,0.00,0.00,0.00,99.00,33.00,66.00,0.00,66.00,0.00,0.00,0.00,66.00,0.00,99.00,33.00,99.00,0.00,0.00,0.00,0.00,0.00
1771111440.0881245,33.00,0.00,66.00,0.00,0.00,0.00,99.00,33.00,66.00,0.00,66.00,0.00,0.00,0.00,66.00,0.00,99.00,33.00,99.00,0.00,0.00,0.00,0.00,0.00
1771111453.9721682,33.00,0.00,66.00,0.00,0.00,0.00,99.00,33.00,66.00,0.00,66.00,33.00,0.00,0.00,66.00,0.00,99.00,33.00,99.00,0.00,0.00,0.00,0.00,0.00
1771111453.9745808,33.00,0.00,66.00,0.00,0.00,0.00,99.00,33.00,66.00,0.00,66.00,33.00,0.00,0.00,66.00,0.00,99.00,33.00,99.00,0.00,0.00,0.00,0.00,0.00
1771111454.0267718,33.00,0.00,66.00,0.00,0.00,0.00,99.00,33.00,66.00,0.00,66.00,33.00,0.00,0.00,66.00,0.00,99.00,33.00,99.00,0.00,0.00,0.00,0.00,0.00
1771111454.0290117,33.00,0.00,66.00,0.00,0.00,0.00,99.00,33.00,66.00,0.00,66.00,33.00,0.00,0.00,66.00,0.00,99.00,33.00,99.00,0.00,0.00,0.00,0.00,0.00
1771111454.0794568,33.00,0.00,66.00,0.00,0.00,0.00,99.00,33.00,66.00,0.00,66.00,33.00,0.00,0.00,66.00,0.00,99.00,33.00,99.00,33.00,0.00,0.00,0.00,0.00
1771111454.0817425,33.00,0.00,66.00,0.00,0.00,0.00,99.00,33.00,66.00,0.00,66.00,33.00,0.00,0.00,66.00,0.00,99.00,33.00,99.00,33.00,0.00,0.00,0.00,0.00
1771111454.1366575,33.00,0.00,66.00,0.00,0.00,0.00,99.00,33.00,66.00,0.00,66.00,33.00,0.00,0.00,66.00,0.00,99.00,33.00,99.00,33.00,0.00,0.00,0.00,0.00
1771111454.138957,33.00,0.00,66.00,0.00,0.00,0.00,99.00,33.00,66.00,0.00,66.00,33.00,0.00,0.00,66.00,0.00,99.00,33.00,99.00,33.00,0.00,0.00,0.00,0.00
1771111474.0089014,33.00,0.00,66.00,0.00,0.00,0.00,99.00,33.00,66.00,0.00,99.00,33.00,0.00,0.00,66.00,0.00,99.00,33.00,99.00,33.00,0.00,0.00,0.00,0.00
1771111474.0113435,33.00,0.00,66.00,0.00,0.00,0.00,99.00,33.00,66.00,0.00,99.00,33.00,0.00,0.00,66.00,0.00,99.00,33.00,99.00,33.00,0.00,0.00,0.00,0.00
1771111474.0734448,33.00,0.00,66.00,0.00,0.00,0.00,99.00,33.00,66.00,0.00,99.00,33.00,0.00,0.00,66.00,0.00,99.00,33.00,99.00,33.00,0.00,0.00,0.00,0.00
1771111474.075865,33.00,0.00,66.00,0.00,0.00,0.00,99.00,33.00,66.00,0.00,99.00,33.00,0.00,0.00,66.00,0.00,99.00,33.00,99.00,33.00,0.00,0.00,0.00,0.00
1771111474.1364005,33.00,0.00,66.00,0.00,0.00,0.00,99.00,33.00,66.00,0.00,99.00,33.00,0.00,0.00,66.00,0.00,99.00,33.00,99.00,33.00,0.00,0.00,0.00,0.00
1771111474.1388986,33.00,0.00,66.00,0.00,0.00,0.00,99.00,33.00,66.00,0.00,99.00,33.00,0.00,0.00,66.00,0.00,99.00,33.00,99.00,33.00,0.00,0.00,0.00,0.00
1771111474.39282,33.00,0.00,66.00,0.00,0.00,0.00,99.00,33.00,66.00,0.00,99.00,33.00,0.00,0.00,66.00,0.00,99.00,33.00,99.00,33.00,0.00,0.00,0.00,0.00
1771111474.3955328,33.00,0.00,66.00,0.00,0.00,0.00,99.00,33.00,66.00,0.00,99.00,33.00,0.00,0.00,66.00,0.00,99.00,33.00,99.00,33.00,0.00,0.00,0.00,0.00
1771111501.032217,0.00,0.00,66.00,0.00,0.00,0.00,99.00,0.00,33.00,0.00,99.00,33.00,0.00,0.00,66.00,0.00,99.00,33.00,66.00,33.00,0.00,0.00,0.00,0.00
1771111501.0342624,0.00,0.00,66.00,0.00,0.00,0.00,99.00,0.00,33.00,0.00,99.00,33.00,0.00,0.00,66.00,0.00,99.00,33.00,66.00,33.00,0.00,0.00,0.00,0.00
1771111501.0868459,0.00,0.00,66.00,0.00,0.00,0.00,99.00,0.00,33.00,0.00,99.00,33.00,0.00,0.00,66.00,0.00,99.00,33.00,66.00,33.00,0.00,0.00,0.00,0.00
1771111501.0888553,0.00,0.00,66.00,0.00,0.00,0.00,99.00,0.00,33.00,0.00,99.00,33.00,0.00,0.00,66.00,0.00,99.00,33.00,66.00,33.00,0.00,0.00,0.00,0.00
1771111501.138378,33.00,0.00,66.00,0.00,0.00,0.00,99.00,0.00,33.00,0.00,99.00,33.00,0.00,0.00,66.00,0.00,99.00,33.00,66.00,33.00,0.00,0.00,0.00,0.00
1771111501.1404126,33.00,0.00,66.00,0.00,0.00,0.00,99.00,0.00,33.00,0.00,99.00,33.00,0.00,0.00,66.00,0.00,99.00,33.00,66.00,33.00,0.00,0.00,0.00,0.00
1771111501.1927564,33.00,0.00,66.00,0.00,0.00,0.00,99.00,0.00,33.00,0.00,99.00,33.00,0.00,0.00,66.00,0.00,99.00,33.00,66.00,33.00,0.00,0.00,0.00,0.00
1771111501.1949708,33.00,0.00,66.00,0.00,0.00,0.00,99.00,0.00,33.00,0.00,99.00,33.00,0.00,0.00,66.00,0.00,99.00,33.00,66.00,33.00,0.00,0.00,0.00,0.00
1771111528.050581,33.00,0.00,66.00,0.00,0.00,0.00,66.00,0.00,33.00,0.00,99.00,33.00,0.00,0.00,33.00,0.00,99.00,33.00,66.00,33.00,0.00,0.00,0.00,0.00
1771111528.052403,33.00,0.00,66.00,0.00,0.00,0.00,66.00,0.00,33.00,0.00,99.00,33.00,0.00,0.00,33.00,0.00,99.00,33.00,66.00,33.00,0.00,0.00,0.00,0.00
1771111528.0984826,33.00,0.00,66.00,0.00,0.00,0.00,66.00,0.00,33.00,0.00,99.00,33.00,0.00,0.00,33.00,0.00,99.00,33.00,66.00,33.00,0.00,0.00,0.00,0.00
1771111528.100369,33.00,0.00,66.00,0.00,0.00,0.00,66.00,0.00,33.00,0.00,99.00,33.00,0.00,0.00,33.00,0.00,99.00,33.00,66.00,33.00,0.00,0.00,0.00,0.00
1771111528.1505654,66.00,0.00,66.00,0.00,0.00,0.00,66.00,0.00,33.00,0.00,99.00,33.00,0.00,0.00,33.00,0.00,99.00,33.00,66.00,33.00,0.00,0.00,0.00,0.00
1771111528.1525016,66.00,0.00,66.00,0.00,0.00,0.00,66.00,0.00,33.00,0.00,99.00,33.00,0.00,0.00,33.00,0.00,99.00,33.00,66.00,33.00,0.00,0.00,0.00,0.00
1771111528.1993687,66.00,0.00,66.00,0.00,0.00,0.00,66.00,0.00,66.00,0.00,99.00,33.00,0.00,0.00,33.00,0.00,99.00,33.00,66.00,33.00,0.00,0.00,0.00,0.00
1771111528.2014434,66.00,0.00,66.00,0.00,0.00,0.00,66.00,0.00,66.00,0.00,99.00,33.00,0.00,0.00,33.00,0.00,99.00,33.00,66.00,33.00,0.00,0.00,0.00,0.00
1771111549.0569022,66.00,0.00,33.00,0.00,0.00,0.00,0.00,33.00,66.00,0.00,33.00,33.00,None,None,0.00,0.00,66.00,0.00,66.00,33.00,0.00,0.00,0.00,0.00
1771111549.0585475,66.00,0.00,33.00,0.00,0.00,0.00,0.00,33.00,66.00,0.00,33.00,33.00,None,None,0.00,0.00,66.00,0.00,66.00,33.00,0.00,0.00,0.00,0.00
1771111549.1014462,66.00,0.00,33.00,0.00,0.00,0.00,0.00,33.00,66.00,0.00,33.00,33.00,None,None,0.00,0.00,66.00,0.00,66.00,33.00,0.00,0.00,0.00,0.00
1771111549.1029809,66.00,0.00,33.00,0.00,0.00,0.00,0.00,33.00,66.00,0.00,33.00,33.00,None,None,0.00,0.00,66.00,0.00,66.00,33.00,0.00,0.00,0.00,0.00
1771111549.149677,66.00,0.00,33.00,0.00,0.00,0.00,0.00,33.00,66.00,0.00,33.00,33.00,None,None,0.00,0.00,66.00,0.00,66.00,33.00,0.00,0.00,0.00,0.00
1771111549.1513753,66.00,0.00,33.00,0.00,0.00,0.00,0.00,33.00,66.00,0.00,33.00,33.00,None,None,0.00,0.00,66.00,0.00,66.00,33.00,0.00,0.00,0.00,0.00
1771111549.1945734,66.00,0.00,33.00,0.00,0.00,0.00,0.00,33.00,66.00,0.00,33.00,33.00,None,None,0.00,0.00,66.00,0.00,66.00,33.00,0.00,0.00,0.00,0.00
1771111549.1963394,66.00,0.00,33.00,0.00,0.00,0.00,0.00,33.00,66.00,0.00,33.00,33.00,None,None,0.00,0.00,66.00,0.00,66.00,33.00,0.00,0.00,0.00,0.00
1771111575.077816,66.00,0.00,33.00,0.00,0.00,0.00,0.00,33.00,66.00,0.00,-33.00,0.00,0.00,0.00,33.00,0.00,99.00,0.00,33.00,0.00,0.00,0.00,0.00,0.00
1771111575.079205,66.00,0.00,33.00,0.00,0.00,0.00,0.00,33.00,66.00,0.00,-33.00,0.00,0.00,0.00,33.00,0.00,99.00,0.00,33.00,0.00,0.00,0.00,0.00,0.00
1771111575.1272166,66.00,0.00,33.00,0.00,0.00,0.00,0.00,33.00,66.00,0.00,-33.00,0.00,0.00,0.00,33.00,0.00,99.00,0.00,33.00,0.00,0.00,0.00,0.00,0.00
1771111575.1287107,66.00,0.00,33.00,0.00,0.00,0.00,0.00,33.00,66.00,0.00,-33.00,0.00,0.00,0.00,33.00,0.00,99.00,0.00,33.00,0.00,0.00,0.00,0.00,0.00
1771111575.1731594,66.00,0.00,66.00,0.00,0.00,0.00,0.00,33.00,66.00,0.00,-33.00,0.00,0.00,0.00,33.00,0.00,99.00,0.00,33.00,0.00,0.00,0.00,0.00,0.00
1771111575.1746597,66.00,0.00,66.00,0.00,0.00,0.00,0.00,33.00,66.00,0.00,-33.00,0.00,0.00,0.00,33.00,0.00,99.00,0.00,33.00,0.00,0.00,0.00,0.00,0.00
1771111575.22228,66.00,0.00,66.00,0.00,0.00,0.00,0.00,33.00,66.00,0.00,-33.00,0.00,0.00,0.00,33.00,0.00,99.00,0.00,33.00,0.00,0.00,0.00,0.00,0.00
1771111575.2237146,66.00,0.00,66.00,0.00,0.00,0.00,0.00,33.00,66.00,0.00,-33.00,0.00,0.00,0.00,33.00,0.00,99.00,0.00,33.00,0.00,0.00,0.00,0.00,0.00
1771111602.1019056,66.00,0.00,66.00,0.00,0.00,0.00,33.00,33.00,66.00,0.00,0.00,0.00,0.00,0.00,66.00,0.00,99.00,0.00,99.00,0.00,0.00,0.00,0.00,0.00
1771111602.1035793,66.00,0.00,66.00,0.00,0.00,0.00,33.00,33.00,66.00,0.00,0.00,0.00,0.00,0.00,66.00,0.00,99.00,0.00,99.00,0.00,0.00,0.00,0.00,0.00
1771111602.1528938,66.00,0.00,66.00,0.00,0.00,0.00,33.00,33.00,66.00,0.00,0.00,0.00,0.00,0.00,66.00,0.00,99.00,33.00,99.00,0.00,0.00,0.00,0.00,0.00
1771111602.1547697,66.00,0.00,66.00,0.00,0.00,0.00,33.00,33.00,66.00,0.00,0.00,0.00,0.00,0.00,66.00,0.00,99.00,33.00,99.00,0.00,0.00,0.00,0.00,0.00
1771111602.2075057,66.00,0.00,66.00,0.00,0.00,0.00,66.00,33.00,66.00,0.00,0.00,0.00,0.00,0.00,66.00,0.00,99.00,33.00,99.00,0.00,0.00,0.00,0.00,0.00
1771111602.2092829,66.00,0.00,66.00,0.00,0.00,0.00,66.00,33.00,66.00,0.00,0.00,0.00,0.00,0.00,66.00,0.00,99.00,33.00,99.00,0.00,0.00,0.00,0.00,0.00
1771111602.2603307,66.00,0.00,66.00,0.00,0.00,0.00,66.00,33.00,66.00,0.00,0.00,0.00,0.00,0.00,66.00,0.00,99.00,33.00,99.00,0.00,0.00,0.00,0.00,0.00
1771111602.262162,66.00,0.00,66.00,0.00,0.00,0.00,66.00,33.00,66.00,0.00,0.00,0.00,0.00,0.00,66.00,0.00,99.00,33.00,99.00,0.00,0.00,0.00,0.00,0.00
1771111628.1432693,33.00,0.00,66.00,0.00,0.00,0.00,66.00,33.00,33.00,0.00,0.00,0.00,0.00,0.00,66.00,0.00,99.00,33.00,99.00,0.00,0.00,0.00,0.00,0.00
1771111628.145011,33.00,0.00,66.00,0.00,0.00,0.00,66.00,33.00,33.00,0.00,0.00,0.00,0.00,0.00,66.00,0.00,99.00,33.00,99.00,0.00,0.00,0.00,0.00,0.00
1771111628.1982682,66.00,0.00,66.00,0.00,0.00,0.00,66.00,33.00,33.00,0.00,0.00,0.00,0.00,0.00,66.00,0.00,99.00,33.00,99.00,0.00,0.00,0.00,0.00,0.00
1771111628.2000897,66.00,0.00,66.00,0.00,0.00,0.00,66.00,33.00,33.00,0.00,0.00,0.00,0.00,0.00,66.00,0.00,99.00,33.00,99.00,0.00,0.00,0.00,0.00,0.00
1771111628.2507484,66.00,0.00,66.00,0.00,0.00,0.00,66.00,33.00,33.00,0.00,0.00,0.00,0.00,0.00,66.00,0.00,99.00,33.00,99.00,0.00,0.00,0.00,0.00,0.00
1771111628.2526784,66.00,0.00,66.00,0.00,0.00,0.00,66.00,33.00,33.00,0.00,0.00,0.00,0.00,0.00,66.00,0.00,99.00,33.00,99.00,0.00,0.00,0.00,0.00,0.00
1771111628.3063807,66.00,0.00,66.00,0.00,0.00,0.00,66.00,33.00,33.00,0.00,0.00,0.00,0.00,0.00,66.00,0.00,99.00,33.00,99.00,0.00,0.00,0.00,0.00,0.00
1771111628.3081937,66.00,0.00,66.00,0.00,0.00,0.00,66.00,33.00,33.00,0.00,0.00,0.00,0.00,0.00,66.00,0.00,99.00,33.00,99.00,0.00,0.00,0.00,0.00,0.00
1771111628.6560729,33.00,0.00,66.00,0.00,0.00,0.00,66.00,33.00,33.00,0.00,0.00,0.00,None,None,66.00,0.00,99.00,33.00,99.00,0.00,0.00,0.00,0.00,0.00
1771111628.6582046,33.00,0.00,66.00,0.00,0.00,0.00,66.00,33.00,33.00,0.00,0.00,0.00,None,None,66.00,0.00,99.00,33.00,99.00,0.00,0.00,0.00,0.00,0.00
1771111628.7147498,33.00,0.00,66.00,0.00,0.00,0.00,66.00,33.00,33.00,0.00,0.00,0.00,None,None,66.00,0.00,99.00,33.00,99.00,0.00,0.00,0.00,0.00,0.00
1771111628.7173026,33.00,0.00,66.00,0.00,0.00,0.00,66.00,33.00,33.00,0.00,0.00,0.00,None,None,66.00,0.00,99.00,33.00,99.00,0.00,0.00,0.00,0.00,0.00
1771111628.7685003,66.00,0.00,66.00,0.00,0.00,0.00,66.00,33.00,33.00,0.00,0.00,0.00,None,None,66.00,0.00,99.00,33.00,99.00,0.00,0.00,0.00,0.00,0.00
1771111628.770345,66.00,0.00,66.00,0.00,0.00,0.00,66.00,33.00,33.00,0.00,0.00,0.00,None,None,66.00,0.00,99.00,33.00,99.00,0.00,0.00,0.00,0.00,0.00
1771111628.8253272,66.00,0.00,66.00,0.00,0.00,0.00,66.00,33.00,33.00,0.00,0.00,0.00,None,None,66.00,0.00,99.00,33.00,99.00,0.00,0.00,0.00,0.00,0.00
1771111628.8271863,66.00,0.00,66.00,0.00,0.00,0.00,66.00,33.00,33.00,0.00,0.00,0.00,None,None,66.00,0.00,99.00,33.00,99.00,0.00,0.00,0.00,0.00,0.00
1771111649.1557224,66.00,0.00,66.00,0.00,0.00,0.00,66.00,0.00,33.00,0.00,0.00,33.00,0.00,0.00,66.00,0.00,66.00,33.00,66.00,0.00,0.00,0.00,0.00,0.00
1771111649.1573079,66.00,0.00,66.00,0.00,0.00,0.00,66.00,0.00,33.00,0.00,0.00,33.00,0.00,0.00,66.00,0.00,66.00,33.00,66.00,0.00,0.00,0.00,0.00,0.00
1771111649.198202,66.00,0.00,66.00,0.00,0.00,0.00,66.00,0.00,33.00,0.00,0.00,33.00,0.00,0.00,66.00,0.00,66.00,33.00,66.00,0.00,0.00,0.00,0.00,0.00
1771111649.2002156,66.00,0.00,66.00,0.00,0.00,0.00,66.00,0.00,33.00,0.00,0.00,33.00,0.00,0.00,66.00,0.00,66.00,33.00,66.00,0.00,0.00,0.00,0.00,0.00
1771111649.2418923,66.00,0.00,66.00,0.00,0.00,0.00,66.00,0.00,33.00,0.00,0.00,33.00,0.00,0.00,66.00,0.00,66.00,33.00,66.00,0.00,0.00,0.00,0.00,0.00
1771111649.24369,66.00,0.00,66.00,0.00,0.00,0.00,66.00,0.00,33.00,0.00,0.00,33.00,0.00,0.00,66.00,0.00,66.00,33.00,66.00,0.00,0.00,0.00,0.00,0.00
1771111649.2883096,66.00,0.00,66.00,0.00,0.00,0.00,66.00,0.00,33.00,0.00,0.00,33.00,0.00,0.00,66.00,0.00,99.00,33.00,66.00,0.00,0.00,0.00,0.00,0.00
1771111649.2899735,66.00,0.00,66.00,0.00,0.00,0.00,66.00,0.00,33.00,0.00,0.00,33.00,0.00,0.00,66.00,0.00,99.00,33.00,66.00,0.00,0.00,0.00,0.00,0.00
1771111667.185913,66.00,0.00,66.00,0.00,0.00,0.00,33.00,33.00,66.00,0.00,0.00,33.00,0.00,0.00,33.00,0.00,99.00,33.00,33.00,33.00,0.00,0.00,None,None
1771111667.187705,66.00,0.00,66.00,0.00,0.00,0.00,33.00,33.00,66.00,0.00,0.00,33.00,0.00,0.00,33.00,0.00,99.00,33.00,33.00,33.00,0.00,0.00,None,None
1771111667.244292,66.00,0.00,66.00,0.00,0.00,0.00,33.00,33.00,66.00,0.00,0.00,33.00,0.00,0.00,33.00,0.00,99.00,33.00,33.00,33.00,0.00,0.00,None,None
1771111667.2460666,66.00,0.00,66.00,0.00,0.00,0.00,33.00,33.00,66.00,0.00,0.00,33.00,0.00,0.00,33.00,0.00,99.00,33.00,33.00,33.00,0.00,0.00,None,None
1771111667.5209455,66.00,0.00,66.00,0.00,0.00,0.00,33.00,33.00,66.00,0.00,0.00,33.00,0.00,0.00,33.00,0.00,99.00,33.00,33.00,33.00,0.00,0.00,None,None
1771111667.522995,66.00,0.00,66.00,0.00,0.00,0.00,33.00,33.00,66.00,0.00,0.00,33.00,0.00,0.00,33.00,0.00,99.00,33.00,33.00,33.00,0.00,0.00,None,None
1771111667.5806923,66.00,0.00,66.00,0.00,0.00,0.00,33.00,33.00,66.00,0.00,33.00,33.00,0.00,0.00,33.00,0.00,99.00,33.00,33.00,33.00,0.00,0.00,None,None
1771111667.5826874,66.00,0.00,66.00,0.00,0.00,0.00,33.00,33.00,66.00,0.00,33.00,33.00,0.00,0.00,33.00,0.00,99.00,33.00,33.00,33.00,0.00,0.00,None,None
1771111686.2177207,66.00,0.00,66.00,0.00,0.00,0.00,33.00,33.00,66.00,0.00,66.00,33.00,0.00,0.00,33.00,0.00,99.00,33.00,66.00,33.00,0.00,0.00,0.00,0.00
1771111686.219798,66.00,0.00,66.00,0.00,0.00,0.00,33.00,33.00,66.00,0.00,66.00,33.00,0.00,0.00,33.00,0.00,99.00,33.00,66.00,33.00,0.00,0.00,0.00,0.00
1771111686.2849126,66.00,0.00,66.00,0.00,0.00,0.00,66.00,33.00,66.00,0.00,66.00,33.00,0.00,0.00,33.00,0.00,99.00,33.00,66.00,33.00,0.00,0.00,0.00,0.00
1771111686.2871609,66.00,0.00,66.00,0.00,0.00,0.00,66.00,33.00,66.00,0.00,66.00,33.00,0.00,0.00,33.00,0.00,99.00,33.00,66.00,33.00,0.00,0.00,0.00,0.00
1771111686.3535345,66.00,0.00,66.00,0.00,0.00,0.00,66.00,33.00,66.00,0.00,66.00,33.00,0.00,0.00,33.00,0.00,99.00,33.00,66.00,33.00,0.00,0.00,0.00,0.00
1771111686.3556483,66.00,0.00,66.00,0.00,0.00,0.00,66.00,33.00,66.00,0.00,66.00,33.00,0.00,0.00,33.00,0.00,99.00,33.00,66.00,33.00,0.00,0.00,0.00,0.00
1771111686.4228387,66.00,0.00,66.00,0.00,0.00,0.00,66.00,33.00,66.00,0.00,66.00,33.00,0.00,0.00,66.00,0.00,99.00,33.00,66.00,33.00,0.00,0.00,0.00,0.00
1771111686.4252625,66.00,0.00,66.00,0.00,0.00,0.00,66.00,33.00,66.00,0.00,66.00,33.00,0.00,0.00,66.00,0.00,99.00,33.00,66.00,33.00,0.00,0.00,0.00,0.00
1771111715.2557888,66.00,0.00,33.00,0.00,0.00,0.00,33.00,33.00,66.00,0.00,33.00,33.00,0.00,0.00,33.00,0.00,99.00,0.00,33.00,33.00,0.00,0.00,0.00,0.00
1771111715.257459,66.00,0.00,33.00,0.00,0.00,0.00,33.00,33.00,66.00,0.00,33.00,33.00,0.00,0.00,33.00,0.00,99.00,0.00,33.00,33.00,0.00,0.00,0.00,0.00
1771111715.3191025,66.00,0.00,33.00,0.00,0.00,0.00,33.00,33.00,66.00,0.00,33.00,33.00,0.00,0.00,33.00,0.00,99.00,0.00,33.00,33.00,0.00,0.00,0.00,0.00
1771111715.32088,66.00,0.00,33.00,0.00,0.00,0.00,33.00,33.00,66.00,0.00,33.00,33.00,0.00,0.00,33.00,0.00,99.00,0.00,33.00,33.00,0.00,0.00,0.00,0.00
1771111715.3840115,66.00,0.00,33.00,0.00,0.00,0.00,33.00,33.00,66.00,0.00,33.00,33.00,0.00,0.00,33.00,0.00,99.00,0.00,33.00,33.00,0.00,0.00,0.00,0.00
1771111715.3859208,66.00,0.00,33.00,0.00,0.00,0.00,33.00,33.00,66.00,0.00,33.00,33.00,0.00,0.00,33.00,0.00,99.00,0.00,33.00,33.00,0.00,0.00,0.00,0.00
1771111715.4468927,66.00,0.00,33.00,0.00,0.00,0.00,33.00,33.00,66.00,0.00,33.00,33.00,0.00,0.00,33.00,0.00,99.00,0.00,33.00,33.00,0.00,0.00,0.00,0.00
1771111715.4487274,66.00,0.00,33.00,0.00,0.00,0.00,33.00,33.00,66.00,0.00,33.00,33.00,0.00,0.00,33.00,0.00,99.00,0.00,33.00,33.00,0.00,0.00,0.00,0.00
1771111731.102274,66.00,0.00,33.00,0.00,None,None,33.00,33.00,66.00,0.00,33.00,33.00,None,None,33.00,0.00,99.00,0.00,33.00,0.00,0.00,0.00,0.00,0.00
1771111731.1042142,66.00,0.00,33.00,0.00,None,None,33.00,33.00,66.00,0.00,33.00,33.00,None,None,33.00,0.00,99.00,0.00,33.00,0.00,0.00,0.00,0.00,0.00
1771111734.3094096,66.00,0.00,33.00,0.00,None,None,33.00,33.00,66.00,0.00,33.00,33.00,None,None,33.00,0.00,99.00,0.00,99.00,0.00,0.00,0.00,0.00,0.00
1771111734.3115172,66.00,0.00,33.00,0.00,None,None,33.00,33.00,66.00,0.00,33.00,33.00,None,None,33.00,0.00,99.00,0.00,99.00,0.00,0.00,0.00,0.00,0.00
1771111734.3809493,66.00,0.00,33.00,0.00,None,None,33.00,33.00,66.00,0.00,33.00,33.00,None,None,33.00,0.00,99.00,0.00,99.00,0.00,0.00,0.00,0.00,0.00
1771111734.383185,66.00,0.00,33.00,0.00,None,None,33.00,33.00,66.00,0.00,33.00,33.00,None,None,33.00,0.00,99.00,0.00,99.00,0.00,0.00,0.00,0.00,0.00
1771111734.6410532,66.00,0.00,33.00,0.00,None,None,33.00,33.00,66.00,0.00,33.00,33.00,None,None,33.00,0.00,99.00,0.00,99.00,0.00,0.00,0.00,0.00,0.00
1771111734.643069,66.00,0.00,33.00,0.00,None,None,33.00,33.00,66.00,0.00,33.00,33.00,None,None,33.00,0.00,99.00,0.00,99.00,0.00,0.00,0.00,0.00,0.00
1771111734.7110903,66.00,0.00,33.00,0.00,None,None,66.00,33.00,66.00,0.00,33.00,33.00,None,None,33.00,0.00,99.00,0.00,99.00,0.00,0.00,0.00,0.00,0.00
1771111734.713249,66.00,0.00,33.00,0.00,None,None,66.00,33.00,66.00,0.00,33.00,33.00,None,None,33.00,0.00,99.00,0.00,99.00,0.00,0.00,0.00,0.00,0.00
1771111737.8448784,66.00,0.00,33.00,0.00,0.00,0.00,66.00,33.00,66.00,0.00,33.00,33.00,None,None,33.00,0.00,99.00,0.00,99.00,0.00,0.00,0.00,None,None
1771111737.8470457,66.00,0.00,33.00,0.00,0.00,0.00,66.00,33.00,66.00,0.00,33.00,33.00,None,None,33.00,0.00,99.00,0.00,99.00,0.00,0.00,0.00,None,None
1771111745.8236058,66.00,0.00,33.00,0.00,0.00,0.00,66.00,33.00,33.00,0.00,0.00,33.00,None,None,33.00,0.00,99.00,0.00,99.00,0.00,None,None,None,None
1771111745.8256593,66.00,0.00,33.00,0.00,0.00,0.00,66.00,33.00,33.00,0.00,0.00,33.00,None,None,33.00,0.00,99.00,0.00,99.00,0.00,None,None,None,None
1771111745.877839,66.00,0.00,33.00,0.00,0.00,0.00,66.00,33.00,33.00,0.00,0.00,33.00,None,None,33.00,0.00,99.00,33.00,99.00,0.00,None,None,None,None
1771111745.8792977,66.00,0.00,33.00,0.00,0.00,0.00,66.00,33.00,33.00,0.00,0.00,33.00,None,None,33.00,0.00,99.00,33.00,99.00,0.00,None,None,None,None
1771111745.929114,66.00,0.00,66.00,0.00,0.00,0.00,66.00,33.00,33.00,0.00,0.00,33.00,None,None,33.00,0.00,99.00,33.00,99.00,0.00,None,None,None,None
1771111745.9306507,66.00,0.00,66.00,0.00,0.00,0.00,66.00,33.00,33.00,0.00,0.00,33.00,None,None,33.00,0.00,99.00,33.00,99.00,0.00,None,None,None,None
1771111765.5617676,33.00,0.00,66.00,0.00,0.00,0.00,99.00,33.00,0.00,0.00,0.00,0.00,0.00,0.00,33.00,0.00,99.00,33.00,99.00,0.00,None,None,0.00,0.00
1771111765.5643587,33.00,0.00,66.00,0.00,0.00,0.00,99.00,33.00,0.00,0.00,0.00,0.00,0.00,0.00,33.00,0.00,99.00,33.00,99.00,0.00,None,None,0.00,0.00
1771111765.6363018,66.00,0.00,66.00,0.00,0.00,0.00,99.00,33.00,0.00,0.00,0.00,0.00,0.00,0.00,33.00,0.00,99.00,33.00,99.00,0.00,None,None,0.00,0.00
1771111765.638878,66.00,0.00,66.00,0.00,0.00,0.00,99.00,33.00,0.00,0.00,0.00,0.00,0.00,0.00,33.00,0.00,99.00,33.00,99.00,0.00,None,None,0.00,0.00
1771111765.7148678,66.00,0.00,66.00,0.00,0.00,0.00,99.00,33.00,0.00,0.00,0.00,0.00,0.00,0.00,33.00,0.00,99.00,33.00,99.00,0.00,None,None,0.00,0.00
1771111765.717193,66.00,0.00,66.00,0.00,0.00,0.00,99.00,33.00,0.00,0.00,0.00,0.00,0.00,0.00,33.00,0.00,99.00,33.00,99.00,0.00,None,None,0.00,0.00
1771111765.7910295,66.00,0.00,66.00,0.00,0.00,0.00,99.00,33.00,0.00,0.00,0.00,0.00,0.00,0.00,33.00,0.00,99.00,33.00,99.00,0.00,None,None,0.00,0.00
1771111765.793258,66.00,0.00,66.00,0.00,0.00,0.00,99.00,33.00,0.00,0.00,0.00,0.00,0.00,0.00,33.00,0.00,99.00,33.00,99.00,0.00,None,None,0.00,0.00
1771111790.595097,66.00,0.00,0.00,0.00,0.00,0.00,66.00,0.00,0.00,0.00,0.00,0.00,0.00,0.00,33.00,0.00,66.00,33.00,33.00,0.00,0.00,0.00,0.00,0.00
1771111790.5967689,66.00,0.00,0.00,0.00,0.00,0.00,66.00,0.00,0.00,0.00,0.00,0.00,0.00,0.00,33.00,0.00,66.00,33.00,33.00,0.00,0.00,0.00,0.00,0.00
1771111790.6712291,66.00,0.00,0.00,0.00,0.00,0.00,66.00,0.00,0.00,0.00,0.00,0.00,0.00,0.00,33.00,0.00,99.00,33.00,33.00,0.00,0.00,0.00,0.00,0.00
1771111790.6730254,66.00,0.00,0.00,0.00,0.00,0.00,66.00,0.00,0.00,0.00,0.00,0.00,0.00,0.00,33.00,0.00,99.00,33.00,33.00,0.00,0.00,0.00,0.00,0.00
1771111790.7239368,66.00,0.00,0.00,0.00,0.00,0.00,66.00,0.00,0.00,0.00,0.00,0.00,0.00,0.00,33.00,0.00,99.00,33.00,33.00,0.00,0.00,0.00,0.00,0.00
1771111790.7251518,66.00,0.00,0.00,0.00,0.00,0.00,66.00,0.00,0.00,0.00,0.00,0.00,0.00,0.00,33.00,0.00,99.00,33.00,33.00,0.00,0.00,0.00,0.00,0.00
1771111790.7752132,66.00,0.00,0.00,0.00,0.00,0.00,66.00,0.00,0.00,0.00,0.00,0.00,0.00,0.00,33.00,0.00,99.00,33.00,33.00,0.00,0.00,0.00,0.00,0.00
1771111790.776406,66.00,0.00,0.00,0.00,0.00,0.00,66.00,0.00,0.00,0.00,0.00,0.00,0.00,0.00,33.00,0.00,99.00,33.00,33.00,0.00,0.00,0.00,0.00,0.00
1771111808.6290233,66.00,0.00,33.00,0.00,0.00,0.00,99.00,33.00,33.00,0.00,0.00,0.00,0.00,0.00,33.00,0.00,99.00,33.00,33.00,0.00,0.00,0.00,0.00,0.00
1771111808.6310554,66.00,0.00,33.00,0.00,0.00,0.00,99.00,33.00,33.00,0.00,0.00,0.00,0.00,0.00,33.00,0.00,99.00,33.00,33.00,0.00,0.00,0.00,0.00,0.00
1771111808.7104619,66.00,0.00,33.00,0.00,0.00,0.00,99.00,33.00,66.00,0.00,0.00,0.00,0.00,0.00,33.00,0.00,99.00,33.00,33.00,0.00,0.00,0.00,0.00,0.00
1771111808.7124324,66.00,0.00,33.00,0.00,0.00,0.00,99.00,33.00,66.00,0.00,0.00,0.00,0.00,0.00,33.00,0.00,99.00,33.00,33.00,0.00,0.00,0.00,0.00,0.00
1771111808.7922711,66.00,0.00,33.00,0.00,0.00,0.00,99.00,33.00,66.00,0.00,0.00,0.00,0.00,0.00,33.00,0.00,99.00,33.00,33.00,0.00,0.00,0.00,0.00,0.00
1771111808.7944999,66.00,0.00,33.00,0.00,0.00,0.00,99.00,33.00,66.00,0.00,0.00,0.00,0.00,0.00,33.00,0.00,99.00,33.00,33.00,0.00,0.00,0.00,0.00,0.00
1771111808.8743134,66.00,0.00,33.00,0.00,0.00,0.00,99.00,33.00,66.00,0.00,0.00,0.00,0.00,0.00,66.00,0.00,99.00,33.00,33.00,0.00,0.00,0.00,0.00,0.00
1771111808.8764646,66.00,0.00,33.00,0.00,0.00,0.00,99.00,33.00,66.00,0.00,0.00,0.00,0.00,0.00,66.00,0.00,99.00,33.00,33.00,0.00,0.00,0.00,0.00,0.00
1771111829.6657557,66.00,0.00,33.00,0.00,0.00,0.00,66.00,33.00,66.00,0.00,0.00,33.00,0.00,0.00,33.00,0.00,99.00,0.00,66.00,33.00,0.00,0.00,0.00,0.00
1771111829.6677618,66.00,0.00,33.00,0.00,0.00,0.00,66.00,33.00,66.00,0.00,0.00,33.00,0.00,0.00,33.00,0.00,99.00,0.00,66.00,33.00,0.00,0.00,0.00,0.00
1771111829.7470515,66.00,0.00,33.00,0.00,0.00,0.00,66.00,33.00,66.00,0.00,0.00,33.00,0.00,0.00,33.00,0.00,99.00,0.00,66.00,33.00,0.00,0.00,0.00,0.00
1771111829.7490025,66.00,0.00,33.00,0.00,0.00,0.00,66.00,33.00,66.00,0.00,0.00,33.00,0.00,0.00,33.00,0.00,99.00,0.00,66.00,33.00,0.00,0.00,0.00,0.00
1771111830.0751913,66.00,0.00,33.00,0.00,0.00,0.00,66.00,33.00,66.00,0.00,0.00,33.00,0.00,0.00,33.00,0.00,99.00,0.00,66.00,33.00,0.00,0.00,0.00,0.00
1771111830.0769818,66.00,0.00,33.00,0.00,0.00,0.00,66.00,33.00,66.00,0.00,0.00,33.00,0.00,0.00,33.00,0.00,99.00,0.00,66.00,33.00,0.00,0.00,0.00,0.00
1771111830.1568186,66.00,0.00,66.00,0.00,0.00,0.00,66.00,33.00,66.00,0.00,0.00,33.00,0.00,0.00,33.00,0.00,99.00,0.00,66.00,33.00,0.00,0.00,0.00,0.00
1771111830.1587312,66.00,0.00,66.00,0.00,0.00,0.00,66.00,33.00,66.00,0.00,0.00,33.00,0.00,0.00,33.00,0.00,99.00,0.00,66.00,33.00,0.00,0.00,0.00,0.00
1771111845.7250245,66.00,0.00,66.00,0.00,0.00,0.00,99.00,33.00,66.00,0.00,0.00,33.00,0.00,0.00,33.00,0.00,99.00,33.00,66.00,33.00,0.00,0.00,0.00,0.00
1771111845.7269633,66.00,0.00,66.00,0.00,0.00,0.00,99.00,33.00,66.00,0.00,0.00,33.00,0.00,0.00,33.00,0.00,99.00,33.00,66.00,33.00,0.00,0.00,0.00,0.00
1771111845.8095303,66.00,0.00,66.00,0.00,0.00,0.00,99.00,33.00,66.00,0.00,0.00,33.00,0.00,0.00,33.00,0.00,99.00,33.00,99.00,33.00,0.00,0.00,0.00,0.00
1771111845.8115087,66.00,0.00,66.00,0.00,0.00,0.00,99.00,33.00,66.00,0.00,0.00,33.00,0.00,0.00,33.00,0.00,99.00,33.00,99.00,33.00,0.00,0.00,0.00,0.00
1771111845.895308,66.00,0.00,66.00,0.00,0.00,0.00,99.00,33.00,66.00,0.00,33.00,33.00,0.00,0.00,33.00,0.00,99.00,33.00,99.00,33.00,0.00,0.00,0.00,0.00
1771111845.8974116,66.00,0.00,66.00,0.00,0.00,0.00,99.00,33.00,66.00,0.00,33.00,33.00,0.00,0.00,33.00,0.00,99.00,33.00,99.00,33.00,0.00,0.00,0.00,0.00
1771111845.981413,66.00,0.00,66.00,0.00,0.00,0.00,99.00,33.00,66.00,0.00,33.00,33.00,0.00,0.00,33.00,0.00,99.00,33.00,99.00,33.00,0.00,0.00,0.00,0.00
1771111845.9841967,66.00,0.00,66.00,0.00,0.00,0.00,99.00,33.00,66.00,0.00,33.00,33.00,0.00,0.00,33.00,0.00,99.00,33.00,99.00,33.00,0.00,0.00,0.00,0.00
1771111866.7315004,66.00,0.00,66.00,0.00,0.00,0.00,66.00,33.00,66.00,0.00,33.00,33.00,0.00,0.00,33.00,0.00,99.00,33.00,66.00,33.00,0.00,0.00,0.00,0.00
1771111866.733745,66.00,0.00,66.00,0.00,0.00,0.00,66.00,33.00,66.00,0.00,33.00,33.00,0.00,0.00,33.00,0.00,99.00,33.00,66.00,33.00,0.00,0.00,0.00,0.00
1771111866.8167531,66.00,0.00,66.00,0.00,0.00,0.00,66.00,33.00,66.00,0.00,33.00,33.00,0.00,0.00,33.00,0.00,99.00,33.00,99.00,33.00,0.00,0.00,0.00,0.00
1771111866.8191144,66.00,0.00,66.00,0.00,0.00,0.00,66.00,33.00,66.00,0.00,33.00,33.00,0.00,0.00,33.00,0.00,99.00,33.00,99.00,33.00,0.00,0.00,0.00,0.00
1771111866.9020104,66.00,0.00,66.00,0.00,0.00,0.00,66.00,33.00,66.00,0.00,33.00,33.00,0.00,0.00,33.00,0.00,99.00,33.00,99.00,33.00,0.00,0.00,0.00,0.00
1771111866.9042494,66.00,0.00,66.00,0.00,0.00,0.00,66.00,33.00,66.00,0.00,33.00,33.00,0.00,0.00,33.00,0.00,99.00,33.00,99.00,33.00,0.00,0.00,0.00,0.00
1771111866.989243,66.00,0.00,66.00,0.00,0.00,0.00,66.00,33.00,66.00,0.00,33.00,33.00,0.00,0.00,33.00,0.00,99.00,33.00,99.00,33.00,0.00,0.00,0.00,0.00
1771111866.9913468,66.00,0.00,66.00,0.00,0.00,0.00,66.00,33.00,66.00,0.00,33.00,33.00,0.00,0.00,33.00,0.00,99.00,33.00,99.00,33.00,0.00,0.00,0.00,0.00
1771111892.7448523,33.00,0.00,66.00,0.00,0.00,0.00,66.00,33.00,33.00,0.00,0.00,33.00,0.00,0.00,33.00,0.00,99.00,33.00,99.00,33.00,0.00,0.00,0.00,0.00
1771111892.7469857,33.00,0.00,66.00,0.00,0.00,0.00,66.00,33.00,33.00,0.00,0.00,33.00,0.00,0.00,33.00,0.00,99.00,33.00,99.00,33.00,0.00,0.00,0.00,0.00
1771111892.831256,33.00,0.00,66.00,0.00,0.00,0.00,66.00,33.00,33.00,0.00,0.00,33.00,0.00,0.00,33.00,0.00,99.00,33.00,99.00,33.00,0.00,0.00,0.00,0.00
1771111892.8332303,33.00,0.00,66.00,0.00,0.00,0.00,66.00,33.00,33.00,0.00,0.00,33.00,0.00,0.00,33.00,0.00,99.00,33.00,99.00,33.00,0.00,0.00,0.00,0.00
1771111892.9214907,66.00,0.00,66.00,0.00,0.00,0.00,66.00,33.00,33.00,0.00,0.00,33.00,0.00,0.00,33.00,0.00,99.00,33.00,99.00,33.00,0.00,0.00,0.00,0.00
1771111892.9235387,66.00,0.00,66.00,0.00,0.00,0.00,66.00,33.00,33.00,0.00,0.00,33.00,0.00,0.00,33.00,0.00,99.00,33.00,99.00,33.00,0.00,0.00,0.00,0.00
1771111893.0108802,66.00,0.00,66.00,0.00,0.00,0.00,66.00,33.00,33.00,0.00,0.00,33.00,0.00,0.00,33.00,0.00,99.00,33.00,99.00,33.00,0.00,0.00,0.00,0.00
1771111893.0130103,66.00,0.00,66.00,0.00,0.00,0.00,66.00,33.00,33.00,0.00,0.00,33.00,0.00,0.00,33.00,0.00,99.00,33.00,99.00,33.00,0.00,0.00,0.00,0.00
1771111912.7716184,33.00,0.00,66.00,0.00,0.00,0.00,66.00,0.00,0.00,0.00,0.00,33.00,0.00,0.00,66.00,0.00,99.00,33.00,99.00,33.00,0.00,0.00,0.00,0.00
1771111912.7734184,33.00,0.00,66.00,0.00,0.00,0.00,66.00,0.00,0.00,0.00,0.00,33.00,0.00,0.00,66.00,0.00,99.00,33.00,99.00,33.00,0.00,0.00,0.00,0.00
1771111912.8512902,33.00,0.00,66.00,0.00,0.00,0.00,66.00,0.00,0.00,0.00,0.00,33.00,0.00,0.00,66.00,0.00,99.00,33.00,99.00,33.00,0.00,0.00,0.00,0.00
1771111912.8530242,33.00,0.00,66.00,0.00,0.00,0.00,66.00,0.00,0.00,0.00,0.00,33.00,0.00,0.00,66.00,0.00,99.00,33.00,99.00,33.00,0.00,0.00,0.00,0.00
1771111913.1324315,33.00,0.00,66.00,0.00,0.00,0.00,66.00,0.00,0.00,0.00,0.00,33.00,0.00,0.00,66.00,0.00,99.00,33.00,99.00,33.00,0.00,0.00,0.00,0.00
1771111913.1343045,33.00,0.00,66.00,0.00,0.00,0.00,66.00,0.00,0.00,0.00,0.00,33.00,0.00,0.00,66.00,0.00,99.00,33.00,99.00,33.00,0.00,0.00,0.00,0.00
1771111913.2152178,33.00,0.00,66.00,0.00,0.00,0.00,66.00,0.00,33.00,0.00,0.00,33.00,0.00,0.00,66.00,0.00,99.00,33.00,99.00,33.00,0.00,0.00,0.00,0.00
1771111913.2170997,33.00,0.00,66.00,0.00,0.00,0.00,66.00,0.00,33.00,0.00,0.00,33.00,0.00,0.00,66.00,0.00,99.00,33.00,99.00,33.00,0.00,0.00,0.00,0.00
1771111938.7791712,33.00,0.00,66.00,0.00,0.00,0.00,66.00,33.00,0.00,0.00,-33.00,0.00,0.00,0.00,33.00,0.00,99.00,33.00,66.00,0.00,0.00,0.00,0.00,0.00
1771111938.7806041,33.00,0.00,66.00,0.00,0.00,0.00,66.00,33.00,0.00,0.00,-33.00,0.00,0.00,0.00,33.00,0.00,99.00,33.00,66.00,0.00,0.00,0.00,0.00,0.00
1771111939.0270605,33.00,0.00,66.00,0.00,0.00,0.00,66.00,33.00,0.00,0.00,-33.00,0.00,0.00,0.00,33.00,0.00,99.00,33.00,66.00,0.00,0.00,0.00,0.00,0.00
1771111939.028272,33.00,0.00,66.00,0.00,0.00,0.00,66.00,33.00,0.00,0.00,-33.00,0.00,0.00,0.00,33.00,0.00,99.00,33.00,66.00,0.00,0.00,0.00,0.00,0.00
1771111939.0858324,33.00,0.00,66.00,0.00,0.00,0.00,66.00,33.00,0.00,0.00,-33.00,0.00,0.00,0.00,33.00,0.00,99.00,33.00,66.00,0.00,0.00,0.00,0.00,0.00
1771111939.0873046,33.00,0.00,66.00,0.00,0.00,0.00,66.00,33.00,0.00,0.00,-33.00,0.00,0.00,0.00,33.00,0.00,99.00,33.00,66.00,0.00,0.00,0.00,0.00,0.00
1771111939.1432924,33.00,0.00,66.00,0.00,0.00,0.00,66.00,33.00,0.00,0.00,-33.00,0.00,0.00,0.00,33.00,0.00,99.00,33.00,66.00,0.00,0.00,0.00,0.00,0.00
1771111939.1448064,33.00,0.00,66.00,0.00,0.00,0.00,66.00,33.00,0.00,0.00,-33.00,0.00,0.00,0.00,33.00,0.00,99.00,33.00,66.00,0.00,0.00,0.00,0.00,0.00
1771111953.8496952,33.00,0.00,66.00,0.00,0.00,0.00,66.00,33.00,33.00,0.00,-66.00,0.00,0.00,0.00,33.00,0.00,99.00,0.00,66.00,0.00,0.00,0.00,0.00,0.00
1771111953.8515582,33.00,0.00,66.00,0.00,0.00,0.00,66.00,33.00,33.00,0.00,-66.00,0.00,0.00,0.00,33.00,0.00,99.00,0.00,66.00,0.00,0.00,0.00,0.00,0.00
1771111953.9387262,33.00,0.00,66.00,0.00,0.00,0.00,66.00,33.00,33.00,0.00,-66.00,0.00,0.00,0.00,66.00,0.00,99.00,0.00,66.00,0.00,0.00,0.00,0.00,0.00
1771111953.940801,33.00,0.00,66.00,0.00,0.00,0.00,66.00,33.00,33.00,0.00,-66.00,0.00,0.00,0.00,66.00,0.00,99.00,0.00,66.00,0.00,0.00,0.00,0.00,0.00
1771111954.026015,33.00,0.00,66.00,0.00,0.00,0.00,66.00,33.00,33.00,0.00,-66.00,0.00,0.00,0.00,66.00,0.00,99.00,33.00,66.00,0.00,0.00,0.00,0.00,0.00
1771111954.0279448,33.00,0.00,66.00,0.00,0.00,0.00,66.00,33.00,33.00,0.00,-66.00,0.00,0.00,0.00,66.00,0.00,99.00,33.00,66.00,0.00,0.00,0.00,0.00,0.00
1771111954.1130414,33.00,0.00,66.00,0.00,0.00,0.00,66.00,33.00,33.00,0.00,-66.00,0.00,0.00,0.00,66.00,0.00,99.00,33.00,99.00,0.00,0.00,0.00,0.00,0.00
1771111954.1149104,33.00,0.00,66.00,0.00,0.00,0.00,66.00,33.00,33.00,0.00,-66.00,0.00,0.00,0.00,66.00,0.00,99.00,33.00,99.00,0.00,0.00,0.00,0.00,0.00
1771111970.875296,33.00,0.00,33.00,0.00,0.00,0.00,66.00,33.00,33.00,0.00,-66.00,33.00,0.00,0.00,66.00,0.00,99.00,33.00,99.00,0.00,0.00,0.00,0.00,0.00
1771111970.8770747,33.00,0.00,33.00,0.00,0.00,0.00,66.00,33.00,33.00,0.00,-66.00,33.00,0.00,0.00,66.00,0.00,99.00,33.00,99.00,0.00,0.00,0.00,0.00,0.00
1771111970.958868,33.00,0.00,33.00,0.00,0.00,0.00,66.00,33.00,33.00,0.00,-66.00,33.00,0.00,0.00,66.00,0.00,99.00,33.00,99.00,0.00,0.00,0.00,0.00,0.00
1771111970.9607737,33.00,0.00,33.00,0.00,0.00,0.00,66.00,33.00,33.00,0.00,-66.00,33.00,0.00,0.00,66.00,0.00,99.00,33.00,99.00,0.00,0.00,0.00,0.00,0.00
1771111971.043907,33.00,0.00,66.00,0.00,0.00,0.00,66.00,33.00,33.00,0.00,-66.00,33.00,0.00,0.00,66.00,0.00,99.00,33.00,99.00,0.00,0.00,0.00,0.00,0.00
1771111971.0459208,33.00,0.00,66.00,0.00,0.00,0.00,66.00,33.00,33.00,0.00,-66.00,33.00,0.00,0.00,66.00,0.00,99.00,33.00,99.00,0.00,0.00,0.00,0.00,0.00
1771111971.1310763,33.00,0.00,66.00,0.00,0.00,0.00,66.00,33.00,33.00,0.00,-66.00,33.00,0.00,0.00,66.00,0.00,99.00,33.00,99.00,0.00,0.00,0.00,0.00,0.00
1771111971.1329236,33.00,0.00,66.00,0.00,0.00,0.00,66.00,33.00,33.00,0.00,-66.00,33.00,0.00,0.00,66.00,0.00,99.00,33.00,99.00,0.00,0.00,0.00,0.00,0.00
1771111994.9119573,33.00,0.00,66.00,0.00,0.00,0.00,99.00,33.00,33.00,0.00,-33.00,33.00,0.00,0.00,66.00,0.00,99.00,33.00,99.00,33.00,0.00,0.00,None,None
1771111994.9140246,33.00,0.00,66.00,0.00,0.00,0.00,99.00,33.00,33.00,0.00,-33.00,33.00,0.00,0.00,66.00,0.00,99.00,33.00,99.00,33.00,0.00,0.00,None,None
1771111995.0027392,33.00,0.00,66.00,0.00,0.00,0.00,99.00,33.00,33.00,0.00,-33.00,33.00,0.00,0.00,66.00,0.00,99.00,33.00,99.00,33.00,0.00,0.00,None,None
1771111995.004922,33.00,0.00,66.00,0.00,0.00,0.00,99.00,33.00,33.00,0.00,-33.00,33.00,0.00,0.00,66.00,0.00,99.00,33.00,99.00,33.00,0.00,0.00,None,None
1771111995.3305218,33.00,0.00,66.00,0.00,0.00,0.00,99.00,33.00,33.00,0.00,-33.00,33.00,0.00,0.00,66.00,0.00,99.00,33.00,99.00,33.00,0.00,0.00,None,None
1771111995.3328822,33.00,0.00,66.00,0.00,0.00,0.00,99.00,33.00,33.00,0.00,-33.00,33.00,0.00,0.00,66.00,0.00,99.00,33.00,99.00,33.00,0.00,0.00,None,None
1771111995.4287968,33.00,0.00,66.00,0.00,0.00,0.00,99.00,33.00,33.00,0.00,0.00,33.00,0.00,0.00,66.00,0.00,99.00,33.00,99.00,33.00,0.00,0.00,None,None
1771111995.4309292,33.00,0.00,66.00,0.00,0.00,0.00,99.00,33.00,33.00,0.00,0.00,33.00,0.00,0.00,66.00,0.00,99.00,33.00,99.00,33.00,0.00,0.00,None,None
1771112009.9484587,0.00,0.00,66.00,0.00,0.00,0.00,33.00,33.00,33.00,0.00,0.00,33.00,0.00,0.00,33.00,0.00,99.00,33.00,66.00,33.00,0.00,0.00,0.00,0.00
1771112009.95046,0.00,0.00,66.00,0.00,0.00,0.00,33.00,33.00,33.00,0.00,0.00,33.00,0.00,0.00,33.00,0.00,99.00,33.00,66.00,33.00,0.00,0.00,0.00,0.00
1771112010.041523,0.00,0.00,66.00,0.00,0.00,0.00,33.00,33.00,33.00,0.00,0.00,33.00,0.00,0.00,33.00,0.00,99.00,33.00,66.00,33.00,0.00,0.00,0.00,0.00
1771112010.043329,0.00,0.00,66.00,0.00,0.00,0.00,33.00,33.00,33.00,0.00,0.00,33.00,0.00,0.00,33.00,0.00,99.00,33.00,66.00,33.00,0.00,0.00,0.00,0.00
1771112010.1299033,33.00,0.00,66.00,0.00,0.00,0.00,33.00,33.00,33.00,0.00,0.00,33.00,0.00,0.00,33.00,0.00,99.00,33.00,66.00,33.00,0.00,0.00,0.00,0.00
1771112010.131893,33.00,0.00,66.00,0.00,0.00,0.00,33.00,33.00,33.00,0.00,0.00,33.00,0.00,0.00,33.00,0.00,99.00,33.00,66.00,33.00,0.00,0.00,0.00,0.00
1771112010.2191954,33.00,0.00,66.00,0.00,0.00,0.00,33.00,33.00,66.00,0.00,0.00,33.00,0.00,0.00,33.00,0.00,99.00,33.00,66.00,33.00,0.00,0.00,0.00,0.00
1771112010.2212453,33.00,0.00,66.00,0.00,0.00,0.00,33.00,33.00,66.00,0.00,0.00,33.00,0.00,0.00,33.00,0.00,99.00,33.00,66.00,33.00,0.00,0.00,0.00,0.00
1771112037.9854312,33.00,0.00,66.00,0.00,None,None,66.00,0.00,33.00,0.00,0.00,33.00,0.00,0.00,33.00,0.00,99.00,33.00,99.00,33.00,0.00,0.00,0.00,0.00
1771112037.9874804,33.00,0.00,66.00,0.00,None,None,66.00,0.00,33.00,0.00,0.00,33.00,0.00,0.00,33.00,0.00,99.00,33.00,99.00,33.00,0.00,0.00,0.00,0.00
1771112038.0777974,33.00,0.00,66.00,0.00,None,None,66.00,0.00,33.00,0.00,0.00,33.00,0.00,0.00,33.00,0.00,99.00,33.00,99.00,33.00,0.00,0.00,0.00,0.00
1771112038.0797453,33.00,0.00,66.00,0.00,None,None,66.00,0.00,33.00,0.00,0.00,33.00,0.00,0.00,33.00,0.00,99.00,33.00,99.00,33.00,0.00,0.00,0.00,0.00
1771112038.1692228,33.00,0.00,66.00,0.00,None,None,66.00,0.00,33.00,0.00,0.00,33.00,0.00,0.00,33.00,0.00,99.00,33.00,99.00,33.00,0.00,0.00,0.00,0.00
1771112038.1712415,33.00,0.00,66.00,0.00,None,None,66.00,0.00,33.00,0.00,0.00,33.00,0.00,0.00,33.00,0.00,99.00,33.00,99.00,33.00,0.00,0.00,0.00,0.00
1771112038.2631164,66.00,0.00,66.00,0.00,None,None,66.00,0.00,33.00,0.00,0.00,33.00,0.00,0.00,33.00,0.00,99.00,33.00,99.00,33.00,0.00,0.00,0.00,0.00
1771112038.265013,66.00,0.00,66.00,0.00,None,None,66.00,0.00,33.00,0.00,0.00,33.00,0.00,0.00,33.00,0.00,99.00,33.00,99.00,33.00,0.00,0.00,0.00,0.00
1771112047.2983387,66.00,0.00,66.00,0.00,None,None,33.00,33.00,0.00,0.00,0.00,33.00,0.00,0.00,33.00,0.00,99.00,33.00,66.00,33.00,0.00,0.00,0.00,0.00
1771112047.3000937,66.00,0.00,66.00,0.00,None,None,33.00,33.00,0.00,0.00,0.00,33.00,0.00,0.00,33.00,0.00,99.00,33.00,66.00,33.00,0.00,0.00,0.00,0.00
1771112047.3884044,66.00,0.00,66.00,0.00,None,None,33.00,33.00,0.00,0.00,0.00,33.00,0.00,0.00,66.00,0.00,99.00,33.00,66.00,33.00,0.00,0.00,0.00,0.00
1771112047.3905168,66.00,0.00,66.00,0.00,None,None,33.00,33.00,0.00,0.00,0.00,33.00,0.00,0.00,66.00,0.00,99.00,33.00,66.00,33.00,0.00,0.00,0.00,0.00
1771112047.4877222,66.00,0.00,66.00,0.00,None,None,33.00,33.00,0.00,0.00,0.00,33.00,0.00,0.00,66.00,0.00,99.00,33.00,66.00,33.00,0.00,0.00,0.00,0.00
1771112047.4895794,66.00,0.00,66.00,0.00,None,None,33.00,33.00,0.00,0.00,0.00,33.00,0.00,0.00,66.00,0.00,99.00,33.00,66.00,33.00,0.00,0.00,0.00,0.00
1771112047.5775476,66.00,0.00,66.00,0.00,None,None,33.00,33.00,0.00,0.00,0.00,33.00,0.00,0.00,66.00,0.00,99.00,33.00,66.00,33.00,0.00,0.00,0.00,0.00
1771112047.5794852,66.00,0.00,66.00,0.00,None,None,33.00,33.00,0.00,0.00,0.00,33.00,0.00,0.00,66.00,0.00,99.00,33.00,66.00,33.00,0.00,0.00,0.00,0.00
1771112048.5061026,66.00,0.00,66.00,0.00,None,None,33.00,33.00,33.00,0.00,0.00,33.00,None,None,66.00,0.00,99.00,33.00,99.00,33.00,0.00,0.00,0.00,0.00
1771112048.5079348,66.00,0.00,66.00,0.00,None,None,33.00,33.00,33.00,0.00,0.00,33.00,None,None,66.00,0.00,99.00,33.00,99.00,33.00,0.00,0.00,0.00,0.00
1771112048.6442685,66.00,0.00,66.00,0.00,None,None,33.00,33.00,33.00,0.00,0.00,33.00,None,None,66.00,0.00,99.00,33.00,99.00,33.00,None,None,0.00,0.00
1771112048.6462164,66.00,0.00,66.00,0.00,None,None,33.00,33.00,33.00,0.00,0.00,33.00,None,None,66.00,0.00,99.00,33.00,99.00,33.00,None,None,0.00,0.00
1771112064.6303446,66.00,0.00,66.00,0.00,0.00,0.00,33.00,33.00,33.00,0.00,0.00,33.00,None,None,66.00,0.00,99.00,33.00,99.00,33.00,None,None,None,None
1771112064.6318011,66.00,0.00,66.00,0.00,0.00,0.00,33.00,33.00,33.00,0.00,0.00,33.00,None,None,66.00,0.00,99.00,33.00,99.00,33.00,None,None,None,None
1771112075.057417,66.00,0.00,66.00,0.00,0.00,0.00,33.00,33.00,66.00,0.00,33.00,33.00,0.00,0.00,66.00,0.00,99.00,33.00,99.00,33.00,0.00,0.00,None,None
1771112075.059169,66.00,0.00,66.00,0.00,0.00,0.00,33.00,33.00,66.00,0.00,33.00,33.00,0.00,0.00,66.00,0.00,99.00,33.00,99.00,33.00,0.00,0.00,None,None
1771112075.1268175,66.00,0.00,66.00,0.00,0.00,0.00,33.00,33.00,66.00,0.00,66.00,33.00,0.00,0.00,66.00,0.00,99.00,33.00,99.00,33.00,0.00,0.00,None,None
1771112075.1290233,66.00,0.00,66.00,0.00,0.00,0.00,33.00,33.00,66.00,0.00,66.00,33.00,0.00,0.00,66.00,0.00,99.00,33.00,99.00,33.00,0.00,0.00,None,None
1771112075.199427,66.00,0.00,66.00,0.00,0.00,0.00,66.00,33.00,66.00,0.00,66.00,33.00,0.00,0.00,66.00,0.00,99.00,33.00,99.00,33.00,0.00,0.00,None,None
1771112075.2009788,66.00,0.00,66.00,0.00,0.00,0.00,66.00,33.00,66.00,0.00,66.00,33.00,0.00,0.00,66.00,0.00,99.00,33.00,99.00,33.00,0.00,0.00,None,None
1771112075.2831566,66.00,0.00,66.00,0.00,0.00,0.00,66.00,33.00,66.00,0.00,66.00,33.00,0.00,0.00,66.00,0.00,99.00,33.00,99.00,33.00,0.00,0.00,None,None
1771112075.2847776,66.00,0.00,66.00,0.00,0.00,0.00,66.00,33.00,66.00,0.00,66.00,33.00,0.00,0.00,66.00,0.00,99.00,33.00,99.00,33.00,0.00,0.00,None,None
1771112080.973751,66.00,0.00,66.00,0.00,0.00,0.00,33.00,33.00,33.00,0.00,33.00,33.00,None,None,66.00,0.00,99.00,33.00,99.00,33.00,0.00,0.00,None,None
1771112080.975877,66.00,0.00,66.00,0.00,0.00,0.00,33.00,33.00,33.00,0.00,33.00,33.00,None,None,66.00,0.00,99.00,33.00,99.00,33.00,0.00,0.00,None,None
1771112090.103618,66.00,0.00,66.00,0.00,0.00,0.00,33.00,33.00,33.00,0.00,33.00,0.00,None,None,66.00,0.00,99.00,33.00,66.00,33.00,0.00,0.00,0.00,0.00
1771112090.1058643,66.00,0.00,66.00,0.00,0.00,0.00,33.00,33.00,33.00,0.00,33.00,0.00,None,None,66.00,0.00,99.00,33.00,66.00,33.00,0.00,0.00,0.00,0.00
1771112090.203552,66.00,0.00,66.00,0.00,0.00,0.00,33.00,33.00,33.00,0.00,33.00,33.00,None,None,66.00,0.00,99.00,33.00,66.00,33.00,0.00,0.00,0.00,0.00
1771112090.20556,66.00,0.00,66.00,0.00,0.00,0.00,33.00,33.00,33.00,0.00,33.00,33.00,None,None,66.00,0.00,99.00,33.00,66.00,33.00,0.00,0.00,0.00,0.00
1771112090.3024704,66.00,0.00,66.00,0.00,0.00,0.00,33.00,33.00,33.00,0.00,33.00,33.00,None,None,66.00,0.00,99.00,33.00,99.00,33.00,0.00,0.00,0.00,0.00
1771112090.3046954,66.00,0.00,66.00,0.00,0.00,0.00,33.00,33.00,33.00,0.00,33.00,33.00,None,None,66.00,0.00,99.00,33.00,99.00,33.00,0.00,0.00,0.00,0.00
1771112090.424469,66.00,0.00,66.00,0.00,0.00,0.00,33.00,33.00,33.00,0.00,33.00,33.00,None,None,66.00,0.00,99.00,33.00,99.00,33.00,0.00,0.00,0.00,0.00
1771112090.426793,66.00,0.00,66.00,0.00,0.00,0.00,33.00,33.00,33.00,0.00,33.00,33.00,None,None,66.00,0.00,99.00,33.00,99.00,33.00,0.00,0.00,0.00,0.00
1771112111.1247377,66.00,0.00,33.00,0.00,0.00,0.00,33.00,33.00,33.00,0.00,0.00,33.00,0.00,0.00,66.00,0.00,99.00,33.00,99.00,0.00,0.00,0.00,0.00,0.00
1771112111.1267726,66.00,0.00,33.00,0.00,0.00,0.00,33.00,33.00,33.00,0.00,0.00,33.00,0.00,0.00,66.00,0.00,99.00,33.00,99.00,0.00,0.00,0.00,0.00,0.00
1771112111.453864,66.00,0.00,33.00,0.00,0.00,0.00,33.00,33.00,33.00,0.00,0.00,33.00,0.00,0.00,66.00,0.00,99.00,33.00,99.00,0.00,0.00,0.00,0.00,0.00
1771112111.4558315,66.00,0.00,33.00,0.00,0.00,0.00,33.00,33.00,33.00,0.00,0.00,33.00,0.00,0.00,66.00,0.00,99.00,33.00,99.00,0.00,0.00,0.00,0.00,0.00
1771112111.552551,66.00,0.00,33.00,0.00,0.00,0.00,33.00,33.00,66.00,0.00,0.00,33.00,0.00,0.00,66.00,0.00,99.00,33.00,99.00,0.00,0.00,0.00,0.00,0.00
1771112111.5548513,66.00,0.00,33.00,0.00,0.00,0.00,33.00,33.00,66.00,0.00,0.00,33.00,0.00,0.00,66.00,0.00,99.00,33.00,99.00,0.00,0.00,0.00,0.00,0.00
1771112111.6814785,66.00,0.00,33.00,0.00,0.00,0.00,33.00,33.00,66.00,0.00,0.00,33.00,0.00,0.00,66.00,0.00,99.00,33.00,99.00,0.00,0.00,0.00,0.00,0.00
1771112111.6836483,66.00,0.00,33.00,0.00,0.00,0.00,33.00,33.00,66.00,0.00,0.00,33.00,0.00,0.00,66.00,0.00,99.00,33.00,99.00,0.00,0.00,0.00,0.00,0.00
1771112130.3862612,66.00,0.00,66.00,0.00,0.00,0.00,0.00,33.00,66.00,0.00,-33.00,33.00,0.00,0.00,66.00,0.00,99.00,33.00,99.00,33.00,None,None,0.00,0.00
1771112130.3881886,66.00,0.00,66.00,0.00,0.00,0.00,0.00,33.00,66.00,0.00,-33.00,33.00,0.00,0.00,66.00,0.00,99.00,33.00,99.00,33.00,None,None,0.00,0.00
1771112130.4868314,66.00,0.00,66.00,0.00,0.00,0.00,33.00,33.00,66.00,0.00,-33.00,33.00,0.00,0.00,66.00,0.00,99.00,33.00,99.00,33.00,None,None,0.00,0.00
1771112130.4888506,66.00,0.00,66.00,0.00,0.00,0.00,33.00,33.00,66.00,0.00,-33.00,33.00,0.00,0.00,66.00,0.00,99.00,33.00,99.00,33.00,None,None,0.00,0.00
1771112130.591225,66.00,0.00,66.00,0.00,0.00,0.00,33.00,33.00,66.00,0.00,-33.00,33.00,0.00,0.00,66.00,0.00,99.00,33.00,99.00,33.00,None,None,0.00,0.00
1771112130.5933735,66.00,0.00,66.00,0.00,0.00,0.00,33.00,33.00,66.00,0.00,-33.00,33.00,0.00,0.00,66.00,0.00,99.00,33.00,99.00,33.00,None,None,0.00,0.00
1771112130.6949139,66.00,0.00,66.00,0.00,0.00,0.00,33.00,33.00,66.00,0.00,-33.00,33.00,0.00,0.00,66.00,0.00,99.00,33.00,99.00,33.00,None,None,0.00,0.00
1771112130.6972134,66.00,0.00,66.00,0.00,0.00,0.00,33.00,33.00,66.00,0.00,-33.00,33.00,0.00,0.00,66.00,0.00,99.00,33.00,99.00,33.00,None,None,0.00,0.00
1771112154.4410696,33.00,0.00,66.00,0.00,0.00,0.00,33.00,33.00,0.00,0.00,-33.00,33.00,None,None,66.00,0.00,99.00,33.00,66.00,33.00,0.00,0.00,0.00,0.00
1771112154.4430134,33.00,0.00,66.00,0.00,0.00,0.00,33.00,33.00,0.00,0.00,-33.00,33.00,None,None,66.00,0.00,99.00,33.00,66.00,33.00,0.00,0.00,0.00,0.00
1771112154.8375478,33.00,0.00,66.00,0.00,0.00,0.00,33.00,33.00,0.00,0.00,-33.00,33.00,None,None,66.00,0.00,99.00,33.00,66.00,33.00,0.00,0.00,0.00,0.00
1771112154.83968,33.00,0.00,66.00,0.00,0.00,0.00,33.00,33.00,0.00,0.00,-33.00,33.00,None,None,66.00,0.00,99.00,33.00,66.00,33.00,0.00,0.00,0.00,0.00
1771112154.942716,33.00,0.00,66.00,0.00,0.00,0.00,33.00,33.00,0.00,0.00,-33.00,33.00,None,None,66.00,0.00,99.00,33.00,99.00,33.00,0.00,0.00,0.00,0.00
1771112154.944957,33.00,0.00,66.00,0.00,0.00,0.00,33.00,33.00,0.00,0.00,-33.00,33.00,None,None,66.00,0.00,99.00,33.00,99.00,33.00,0.00,0.00,0.00,0.00
1771112155.0366766,33.00,0.00,66.00,0.00,0.00,0.00,66.00,33.00,0.00,0.00,-33.00,33.00,None,None,66.00,0.00,99.00,33.00,99.00,33.00,0.00,0.00,0.00,0.00
1771112155.0382407,33.00,0.00,66.00,0.00,0.00,0.00,66.00,33.00,0.00,0.00,-33.00,33.00,None,None,66.00,0.00,99.00,33.00,99.00,33.00,0.00,0.00,0.00,0.00
1771112159.0623925,33.00,0.00,66.00,0.00,0.00,0.00,66.00,33.00,0.00,0.00,-33.00,33.00,None,None,66.00,0.00,99.00,33.00,99.00,33.00,0.00,0.00,None,None
1771112159.0639753,33.00,0.00,66.00,0.00,0.00,0.00,66.00,33.00,0.00,0.00,-33.00,33.00,None,None,66.00,0.00,99.00,33.00,99.00,33.00,0.00,0.00,None,None
1771112177.4793723,0.00,0.00,33.00,0.00,0.00,0.00,33.00,0.00,-33.00,0.00,-66.00,33.00,0.00,0.00,33.00,0.00,99.00,33.00,66.00,33.00,0.00,0.00,None,None
1771112177.4810922,0.00,0.00,33.00,0.00,0.00,0.00,33.00,0.00,-33.00,0.00,-66.00,33.00,0.00,0.00,33.00,0.00,99.00,33.00,66.00,33.00,0.00,0.00,None,None
1771112177.5738845,0.00,0.00,33.00,0.00,0.00,0.00,33.00,0.00,-33.00,0.00,-66.00,33.00,0.00,0.00,33.00,0.00,99.00,33.00,66.00,33.00,0.00,0.00,None,None
1771112177.575705,0.00,0.00,33.00,0.00,0.00,0.00,33.00,0.00,-33.00,0.00,-66.00,33.00,0.00,0.00,33.00,0.00,99.00,33.00,66.00,33.00,0.00,0.00,None,None
1771112177.670932,33.00,0.00,33.00,0.00,0.00,0.00,33.00,0.00,-33.00,0.00,-66.00,33.00,0.00,0.00,33.00,0.00,99.00,33.00,66.00,33.00,0.00,0.00,None,None
1771112177.6725688,33.00,0.00,33.00,0.00,0.00,0.00,33.00,0.00,-33.00,0.00,-66.00,33.00,0.00,0.00,33.00,0.00,99.00,33.00,66.00,33.00,0.00,0.00,None,None
1771112177.7635815,33.00,0.00,33.00,0.00,0.00,0.00,33.00,0.00,0.00,0.00,-66.00,33.00,0.00,0.00,33.00,0.00,99.00,33.00,66.00,33.00,0.00,0.00,None,None
1771112177.76531,33.00,0.00,33.00,0.00,0.00,0.00,33.00,0.00,0.00,0.00,-66.00,33.00,0.00,0.00,33.00,0.00,99.00,33.00,66.00,33.00,0.00,0.00,None,None
1771112201.7646244,33.00,0.00,33.00,0.00,0.00,0.00,33.00,33.00,-33.00,0.00,-33.00,0.00,0.00,0.00,0.00,0.00,99.00,0.00,33.00,33.00,0.00,0.00,None,None
1771112201.7660952,33.00,0.00,33.00,0.00,0.00,0.00,33.00,33.00,-33.00,0.00,-33.00,0.00,0.00,0.00,0.00,0.00,99.00,0.00,33.00,33.00,0.00,0.00,None,None
1771112201.859205,33.00,0.00,66.00,0.00,0.00,0.00,33.00,33.00,-33.00,0.00,-33.00,0.00,0.00,0.00,0.00,0.00,99.00,0.00,33.00,33.00,0.00,0.00,None,None
1771112201.8607554,33.00,0.00,66.00,0.00,0.00,0.00,33.00,33.00,-33.00,0.00,-33.00,0.00,0.00,0.00,0.00,0.00,99.00,0.00,33.00,33.00,0.00,0.00,None,None
1771112201.9568827,33.00,0.00,66.00,0.00,0.00,0.00,33.00,33.00,-33.00,0.00,-33.00,0.00,0.00,0.00,33.00,0.00,99.00,0.00,33.00,33.00,0.00,0.00,None,None
1771112201.9584572,33.00,0.00,66.00,0.00,0.00,0.00,33.00,33.00,-33.00,0.00,-33.00,0.00,0.00,0.00,33.00,0.00,99.00,0.00,33.00,33.00,0.00,0.00,None,None
1771112202.0539982,33.00,0.00,66.00,0.00,0.00,0.00,66.00,33.00,-33.00,0.00,-33.00,0.00,0.00,0.00,33.00,0.00,99.00,0.00,33.00,33.00,0.00,0.00,None,None
1771112202.0556104,33.00,0.00,66.00,0.00,0.00,0.00,66.00,33.00,-33.00,0.00,-33.00,0.00,0.00,0.00,33.00,0.00,99.00,0.00,33.00,33.00,0.00,0.00,None,None
1771112224.5322893,33.00,0.00,66.00,0.00,0.00,0.00,66.00,33.00,0.00,0.00,-33.00,0.00,0.00,0.00,33.00,0.00,99.00,0.00,66.00,33.00,0.00,0.00,0.00,0.00
1771112224.53434,33.00,0.00,66.00,0.00,0.00,0.00,66.00,33.00,0.00,0.00,-33.00,0.00,0.00,0.00,33.00,0.00,99.00,0.00,66.00,33.00,0.00,0.00,0.00,0.00
1771112224.6376052,33.00,0.00,66.00,0.00,0.00,0.00,66.00,33.00,0.00,0.00,-33.00,0.00,0.00,0.00,33.00,0.00,99.00,33.00,66.00,33.00,0.00,0.00,0.00,0.00
1771112224.639519,33.00,0.00,66.00,0.00,0.00,0.00,66.00,33.00,0.00,0.00,-33.00,0.00,0.00,0.00,33.00,0.00,99.00,33.00,66.00,33.00,0.00,0.00,0.00,0.00
1771112225.0287368,33.00,0.00,66.00,0.00,0.00,0.00,66.00,33.00,0.00,0.00,-33.00,33.00,0.00,0.00,33.00,0.00,99.00,33.00,66.00,33.00,0.00,0.00,0.00,0.00
1771112225.0305781,33.00,0.00,66.00,0.00,0.00,0.00,66.00,33.00,0.00,0.00,-33.00,33.00,0.00,0.00,33.00,0.00,99.00,33.00,66.00,33.00,0.00,0.00,0.00,0.00
1771112225.1352434,33.00,0.00,66.00,0.00,0.00,0.00,66.00,33.00,0.00,0.00,-33.00,33.00,0.00,0.00,33.00,0.00,99.00,33.00,66.00,33.00,0.00,0.00,0.00,0.00
1771112225.1373415,33.00,0.00,66.00,0.00,0.00,0.00,66.00,33.00,0.00,0.00,-33.00,33.00,0.00,0.00,33.00,0.00,99.00,33.00,66.00,33.00,0.00,0.00,0.00,0.00
1771112227.1079788,33.00,0.00,66.00,0.00,0.00,0.00,66.00,33.00,-33.00,0.00,-33.00,33.00,0.00,0.00,33.00,0.00,99.00,33.00,66.00,33.00,0.00,0.00,None,None
1771112227.1098442,33.00,0.00,66.00,0.00,0.00,0.00,66.00,33.00,-33.00,0.00,-33.00,33.00,0.00,0.00,33.00,0.00,99.00,33.00,66.00,33.00,0.00,0.00,None,None
1771112240.814532,33.00,0.00,66.00,0.00,0.00,0.00,66.00,33.00,-66.00,0.00,-33.00,33.00,0.00,0.00,33.00,0.00,99.00,33.00,66.00,0.00,0.00,0.00,None,None
1771112240.816327,33.00,0.00,66.00,0.00,0.00,0.00,66.00,33.00,-66.00,0.00,-33.00,33.00,0.00,0.00,33.00,0.00,99.00,33.00,66.00,0.00,0.00,0.00,None,None
1771112240.917331,33.00,0.00,66.00,0.00,0.00,0.00,66.00,33.00,-66.00,0.00,-33.00,33.00,0.00,0.00,33.00,0.00,99.00,33.00,66.00,0.00,0.00,0.00,None,None
1771112240.9192355,33.00,0.00,66.00,0.00,0.00,0.00,66.00,33.00,-66.00,0.00,-33.00,33.00,0.00,0.00,33.00,0.00,99.00,33.00,66.00,0.00,0.00,0.00,None,None
1771112241.0233328,33.00,0.00,66.00,0.00,0.00,0.00,66.00,33.00,-66.00,0.00,-33.00,33.00,0.00,0.00,66.00,0.00,99.00,33.00,66.00,0.00,0.00,0.00,None,None
1771112241.0254455,33.00,0.00,66.00,0.00,0.00,0.00,66.00,33.00,-66.00,0.00,-33.00,33.00,0.00,0.00,66.00,0.00,99.00,33.00,66.00,0.00,0.00,0.00,None,None
1771112241.1292186,33.00,0.00,66.00,0.00,0.00,0.00,66.00,33.00,-66.00,0.00,-33.00,33.00,0.00,0.00,66.00,0.00,99.00,33.00,99.00,0.00,0.00,0.00,None,None
1771112241.1312776,33.00,0.00,66.00,0.00,0.00,0.00,66.00,33.00,-66.00,0.00,-33.00,33.00,0.00,0.00,66.00,0.00,99.00,33.00,99.00,0.00,0.00,0.00,None,None
1771112259.839621,33.00,0.00,66.00,0.00,0.00,0.00,33.00,33.00,-66.00,0.00,-33.00,33.00,0.00,0.00,66.00,0.00,99.00,33.00,99.00,33.00,0.00,0.00,0.00,0.00
1771112259.8415034,33.00,0.00,66.00,0.00,0.00,0.00,33.00,33.00,-66.00,0.00,-33.00,33.00,0.00,0.00,66.00,0.00,99.00,33.00,99.00,33.00,0.00,0.00,0.00,0.00
1771112259.9391408,33.00,0.00,66.00,0.00,0.00,0.00,33.00,33.00,-33.00,0.00,-33.00,33.00,0.00,0.00,66.00,0.00,99.00,33.00,99.00,33.00,0.00,0.00,0.00,0.00
1771112259.940807,33.00,0.00,66.00,0.00,0.00,0.00,33.00,33.00,-33.00,0.00,-33.00,33.00,0.00,0.00,66.00,0.00,99.00,33.00,99.00,33.00,0.00,0.00,0.00,0.00
1771112260.0337331,33.00,0.00,66.00,0.00,0.00,0.00,66.00,33.00,-33.00,0.00,-33.00,33.00,0.00,0.00,66.00,0.00,99.00,33.00,99.00,33.00,0.00,0.00,0.00,0.00
1771112260.0353796,33.00,0.00,66.00,0.00,0.00,0.00,66.00,33.00,-33.00,0.00,-33.00,33.00,0.00,0.00,66.00,0.00,99.00,33.00,99.00,33.00,0.00,0.00,0.00,0.00
1771112260.1382647,33.00,0.00,66.00,0.00,0.00,0.00,66.00,33.00,-33.00,0.00,-33.00,33.00,0.00,0.00,66.00,0.00,99.00,33.00,99.00,33.00,0.00,0.00,0.00,0.00
1771112260.1402762,33.00,0.00,66.00,0.00,0.00,0.00,66.00,33.00,-33.00,0.00,-33.00,33.00,0.00,0.00,66.00,0.00,99.00,33.00,99.00,33.00,0.00,0.00,0.00,0.00
1771112278.8902104,33.00,0.00,66.00,0.00,0.00,0.00,0.00,33.00,-33.00,0.00,0.00,33.00,0.00,0.00,66.00,0.00,99.00,33.00,66.00,33.00,0.00,0.00,0.00,0.00
1771112278.892465,33.00,0.00,66.00,0.00,0.00,0.00,0.00,33.00,-33.00,0.00,0.00,33.00,0.00,0.00,66.00,0.00,99.00,33.00,66.00,33.00,0.00,0.00,0.00,0.00
1771112279.010985,33.00,0.00,66.00,0.00,0.00,0.00,0.00,33.00,-33.00,0.00,0.00,33.00,0.00,0.00,66.00,0.00,99.00,33.00,66.00,33.00,0.00,0.00,0.00,0.00
1771112279.013063,33.00,0.00,66.00,0.00,0.00,0.00,0.00,33.00,-33.00,0.00,0.00,33.00,0.00,0.00,66.00,0.00,99.00,33.00,66.00,33.00,0.00,0.00,0.00,0.00
1771112279.1187809,66.00,0.00,66.00,0.00,0.00,0.00,0.00,33.00,-33.00,0.00,0.00,33.00,0.00,0.00,66.00,0.00,99.00,33.00,66.00,33.00,0.00,0.00,0.00,0.00
1771112279.1207023,66.00,0.00,66.00,0.00,0.00,0.00,0.00,33.00,-33.00,0.00,0.00,33.00,0.00,0.00,66.00,0.00,99.00,33.00,66.00,33.00,0.00,0.00,0.00,0.00
1771112279.2208376,66.00,0.00,66.00,0.00,0.00,0.00,0.00,33.00,-33.00,0.00,33.00,33.00,0.00,0.00,66.00,0.00,99.00,33.00,66.00,33.00,0.00,0.00,0.00,0.00
1771112279.2224255,66.00,0.00,66.00,0.00,0.00,0.00,0.00,33.00,-33.00,0.00,33.00,33.00,0.00,0.00,66.00,0.00,99.00,33.00,66.00,33.00,0.00,0.00,0.00,0.00
1771112309.9148812,33.00,0.00,66.00,0.00,0.00,0.00,0.00,33.00,-66.00,0.00,0.00,33.00,0.00,0.00,66.00,0.00,99.00,33.00,66.00,33.00,0.00,0.00,0.00,0.00
1771112309.9166682,33.00,0.00,66.00,0.00,0.00,0.00,0.00,33.00,-66.00,0.00,0.00,33.00,0.00,0.00,66.00,0.00,99.00,33.00,66.00,33.00,0.00,0.00,0.00,0.00
1771112310.0133407,33.00,0.00,66.00,0.00,0.00,0.00,0.00,33.00,-66.00,0.00,0.00,33.00,0.00,0.00,66.00,0.00,99.00,33.00,66.00,33.00,0.00,0.00,0.00,0.00
1771112310.0152655,33.00,0.00,66.00,0.00,0.00,0.00,0.00,33.00,-66.00,0.00,0.00,33.00,0.00,0.00,66.00,0.00,99.00,33.00,66.00,33.00,0.00,0.00,0.00,0.00
1771112310.120416,33.00,0.00,66.00,0.00,0.00,0.00,0.00,33.00,-66.00,0.00,0.00,33.00,0.00,0.00,66.00,0.00,99.00,33.00,66.00,33.00,0.00,0.00,0.00,0.00
1771112310.123043,33.00,0.00,66.00,0.00,0.00,0.00,0.00,33.00,-66.00,0.00,0.00,33.00,0.00,0.00,66.00,0.00,99.00,33.00,66.00,33.00,0.00,0.00,0.00,0.00
1771112310.426341,66.00,0.00,66.00,0.00,0.00,0.00,0.00,33.00,-66.00,0.00,0.00,33.00,0.00,0.00,66.00,0.00,99.00,33.00,66.00,33.00,0.00,0.00,0.00,0.00
1771112310.4281359,66.00,0.00,66.00,0.00,0.00,0.00,0.00,33.00,-66.00,0.00,0.00,33.00,0.00,0.00,66.00,0.00,99.00,33.00,66.00,33.00,0.00,0.00,0.00,0.00
1771112328.944062,66.00,0.00,33.00,0.00,0.00,0.00,-33.00,0.00,-99.00,0.00,0.00,33.00,0.00,0.00,33.00,0.00,99.00,33.00,66.00,33.00,0.00,0.00,0.00,0.00
1771112328.9457579,66.00,0.00,33.00,0.00,0.00,0.00,-33.00,0.00,-99.00,0.00,0.00,33.00,0.00,0.00,33.00,0.00,99.00,33.00,66.00,33.00,0.00,0.00,0.00,0.00
1771112329.0462434,66.00,0.00,66.00,0.00,0.00,0.00,-33.00,0.00,-99.00,0.00,0.00,33.00,0.00,0.00,33.00,0.00,99.00,33.00,66.00,33.00,0.00,0.00,0.00,0.00
1771112329.0480614,66.00,0.00,66.00,0.00,0.00,0.00,-33.00,0.00,-99.00,0.00,0.00,33.00,0.00,0.00,33.00,0.00,99.00,33.00,66.00,33.00,0.00,0.00,0.00,0.00
1771112329.351634,66.00,0.00,66.00,0.00,0.00,0.00,-33.00,0.00,-99.00,0.00,0.00,33.00,0.00,0.00,33.00,0.00,99.00,33.00,66.00,33.00,0.00,0.00,0.00,0.00
1771112329.3530092,66.00,0.00,66.00,0.00,0.00,0.00,-33.00,0.00,-99.00,0.00,0.00,33.00,0.00,0.00,33.00,0.00,99.00,33.00,66.00,33.00,0.00,0.00,0.00,0.00
1771112329.4293163,66.00,0.00,66.00,0.00,0.00,0.00,-33.00,0.00,-99.00,0.00,0.00,33.00,0.00,0.00,33.00,0.00,99.00,33.00,66.00,33.00,0.00,0.00,0.00,0.00
1771112329.4306896,66.00,0.00,66.00,0.00,0.00,0.00,-33.00,0.00,-99.00,0.00,0.00,33.00,0.00,0.00,33.00,0.00,99.00,33.00,66.00,33.00,0.00,0.00,0.00,0.00
1771112347.9786186,66.00,0.00,66.00,0.00,0.00,0.00,-33.00,33.00,-66.00,0.00,0.00,0.00,0.00,0.00,33.00,0.00,99.00,0.00,66.00,33.00,0.00,0.00,0.00,0.00
1771112347.980313,66.00,0.00,66.00,0.00,0.00,0.00,-33.00,33.00,-66.00,0.00,0.00,0.00,0.00,0.00,33.00,0.00,99.00,0.00,66.00,33.00,0.00,0.00,0.00,0.00
1771112348.0805132,66.00,0.00,66.00,0.00,0.00,0.00,-33.00,33.00,-66.00,0.00,0.00,0.00,0.00,0.00,33.00,0.00,99.00,33.00,66.00,33.00,0.00,0.00,0.00,0.00
1771112348.0823805,66.00,0.00,66.00,0.00,0.00,0.00,-33.00,33.00,-66.00,0.00,0.00,0.00,0.00,0.00,33.00,0.00,99.00,33.00,66.00,33.00,0.00,0.00,0.00,0.00
1771112348.1886604,66.00,0.00,66.00,0.00,0.00,0.00,-33.00,33.00,-66.00,0.00,0.00,0.00,0.00,0.00,33.00,0.00,99.00,33.00,66.00,33.00,0.00,0.00,0.00,0.00
1771112348.1906416,66.00,0.00,66.00,0.00,0.00,0.00,-33.00,33.00,-66.00,0.00,0.00,0.00,0.00,0.00,33.00,0.00,99.00,33.00,66.00,33.00,0.00,0.00,0.00,0.00
1771112348.4879005,66.00,0.00,66.00,0.00,0.00,0.00,-33.00,33.00,-66.00,0.00,0.00,0.00,0.00,0.00,33.00,0.00,99.00,33.00,66.00,33.00,0.00,0.00,0.00,0.00
1771112348.4893153,66.00,0.00,66.00,0.00,0.00,0.00,-33.00,33.00,-66.00,0.00,0.00,0.00,0.00,0.00,33.00,0.00,99.00,33.00,66.00,33.00,0.00,0.00,0.00,0.00
1771112366.9623134,66.00,0.00,66.00,0.00,0.00,0.00,0.00,33.00,-66.00,0.00,0.00,0.00,0.00,0.00,0.00,0.00,99.00,33.00,33.00,0.00,0.00,0.00,0.00,0.00
1771112366.9635327,66.00,0.00,66.00,0.00,0.00,0.00,0.00,33.00,-66.00,0.00,0.00,0.00,0.00,0.00,0.00,0.00,99.00,33.00,33.00,0.00,0.00,0.00,0.00,0.00
1771112367.0275621,66.00,0.00,66.00,0.00,0.00,0.00,0.00,33.00,-66.00,0.00,0.00,0.00,0.00,0.00,0.00,0.00,99.00,33.00,33.00,0.00,0.00,0.00,0.00,0.00
1771112367.0287573,66.00,0.00,66.00,0.00,0.00,0.00,0.00,33.00,-66.00,0.00,0.00,0.00,0.00,0.00,0.00,0.00,99.00,33.00,33.00,0.00,0.00,0.00,0.00,0.00
1771112367.092918,66.00,0.00,66.00,0.00,0.00,0.00,0.00,33.00,-66.00,0.00,0.00,0.00,0.00,0.00,0.00,0.00,99.00,33.00,33.00,0.00,0.00,0.00,0.00,0.00
1771112367.0941234,66.00,0.00,66.00,0.00,0.00,0.00,0.00,33.00,-66.00,0.00,0.00,0.00,0.00,0.00,0.00,0.00,99.00,33.00,33.00,0.00,0.00,0.00,0.00,0.00
1771112367.158693,66.00,0.00,66.00,0.00,0.00,0.00,0.00,33.00,-33.00,0.00,0.00,0.00,0.00,0.00,0.00,0.00,99.00,33.00,33.00,0.00,0.00,0.00,0.00,0.00
1771112367.159911,66.00,0.00,66.00,0.00,0.00,0.00,0.00,33.00,-33.00,0.00,0.00,0.00,0.00,0.00,0.00,0.00,99.00,33.00,33.00,0.00,0.00,0.00,0.00,0.00
1771112382.9829507,66.00,0.00,33.00,0.00,0.00,0.00,-66.00,33.00,-99.00,0.00,33.00,0.00,0.00,0.00,0.00,0.00,99.00,33.00,33.00,0.00,0.00,0.00,0.00,0.00
1771112382.9844306,66.00,0.00,33.00,0.00,0.00,0.00,-66.00,33.00,-99.00,0.00,33.00,0.00,0.00,0.00,0.00,0.00,99.00,33.00,33.00,0.00,0.00,0.00,0.00,0.00
1771112383.049147,66.00,0.00,33.00,0.00,0.00,0.00,-66.00,33.00,-66.00,0.00,33.00,0.00,0.00,0.00,0.00,0.00,99.00,33.00,33.00,0.00,0.00,0.00,0.00,0.00
1771112383.0502849,66.00,0.00,33.00,0.00,0.00,0.00,-66.00,33.00,-66.00,0.00,33.00,0.00,0.00,0.00,0.00,0.00,99.00,33.00,33.00,0.00,0.00,0.00,0.00,0.00
1771112383.1111894,66.00,0.00,66.00,0.00,0.00,0.00,-66.00,33.00,-66.00,0.00,33.00,0.00,0.00,0.00,0.00,0.00,99.00,33.00,33.00,0.00,0.00,0.00,0.00,0.00
1771112383.1122625,66.00,0.00,66.00,0.00,0.00,0.00,-66.00,33.00,-66.00,0.00,33.00,0.00,0.00,0.00,0.00,0.00,99.00,33.00,33.00,0.00,0.00,0.00,0.00,0.00
1771112383.1719573,66.00,0.00,66.00,0.00,0.00,0.00,-66.00,33.00,-66.00,0.00,33.00,0.00,0.00,0.00,0.00,0.00,99.00,33.00,33.00,0.00,0.00,0.00,0.00,0.00
1771112383.173032,66.00,0.00,66.00,0.00,0.00,0.00,-66.00,33.00,-66.00,0.00,33.00,0.00,0.00,0.00,0.00,0.00,99.00,33.00,33.00,0.00,0.00,0.00,0.00,0.00
