timestamp,(0,34);(14,17);(25,24);(8,13);(8,22);(14,10);(14,11);(28,27);(28,29);(28,30);(2,3);(2,32);(5,4);(9,12);(23,15);(23,19);(23,20);(18,21);(6,7);(2,16);(25,26);(33,1);(33,31);(34,9);(9,18);(18,2);(2,5);(5,23);(23,25);(25,28);(28,14);(14,8);(8,6);(6,33);(33,34);(25,25.1);(8,8.1);(14,14.1);(28,28.1);(2,2.1);(5,5.1);(9,9.1);(23,23.1);(18,18.1);(6,6.1);(33,33.1);(34,34.1)
1770381703.2927513;0.00;0.00;97.00;0.00;0.00;0.00;0.00;0.00;0.00;0.00;0.00;0.00;0.00;0.00;0.00;0.00;0.00;0.00;0.00;0.00;0.00;0.00;0.00;0.00;0.00;0.00;0.00;0.00;0.00;310.00;150.00;0.00;0.00;0.00;0.00;0.00;0.00;0.00;0.00;0.00;0.00;0.00;0.00;0.00;0.00;0.00;0.00
1770381703.294138;0.00;0.00;97.00;0.00;0.00;0.00;0.00;0.00;0.00;0.00;0.00;0.00;0.00;0.00;0.00;0.00;0.00;0.00;0.00;0.00;0.00;0.00;0.00;0.00;0.00;0.00;0.00;0.00;0.00;310.00;150.00;0.00;0.00;0.00;0.00;0.00;0.00;0.00;0.00;0.00;0.00;0.00;0.00;0.00;0.00;0.00;0.00
1770381703.308639;0.00;0.00;194.00;0.00;0.00;0.00;0.00;0.00;0.00;0.00;0.00;0.00;0.00;0.00;0.00;0.00;0.00;0.00;0.00;0.00;0.00;0.00;0.00;0.00;0.00;0.00;0.00;0.00;320.00;620.00;150.00;0.00;0.00;0.00;0.00;150.00;0.00;0.00;0.00;0.00;0.00;0.00;0.00;0.00;0.00;0.00;0.00
1770381703.3090298;0.00;0.00;194.00;0.00;0.00;0.00;0.00;0.00;0.00;0.00;0.00;0.00;0.00;0.00;0.00;0.00;0.00;0.00;0.00;0.00;0.00;0.00;0.00;0.00;0.00;0.00;0.00;0.00;320.00;620.00;150.00;0.00;0.00;0.00;0.00;150.00;0.00;0.00;0.00;0.00;0.00;0.00;0.00;0.00;0.00;0.00;0.00
1770381703.3244848;0.00;0.00;291.00;0.00;0.00;0.00;0.00;0.00;0.00;0.00;0.00;0.00;0.00;0.00;0.00;0.00;0.00;0.00;0.00;0.00;0.00;0.00;0.00;0.00;0.00;0.00;0.00;0.00;320.00;780.00;300.00;0.00;0.00;0.00;0.00;150.00;0.00;0.00;0.00;0.00;0.00;0.00;0.00;0.00;0.00;0.00;0.00
1770381703.3249054;0.00;0.00;291.00;0.00;0.00;0.00;0.00;0.00;0.00;0.00;0.00;0.00;0.00;0.00;0.00;0.00;0.00;0.00;0.00;0.00;0.00;0.00;0.00;0.00;0.00;0.00;0.00;0.00;320.00;780.00;300.00;0.00;0.00;0.00;0.00;150.00;0.00;0.00;0.00;0.00;0.00;0.00;0.00;0.00;0.00;0.00;0.00
1770381703.3384893;0.00;0.00;388.00;0.00;0.00;0.00;0.00;0.00;0.00;0.00;0.00;0.00;0.00;0.00;0.00;0.00;0.00;0.00;0.00;0.00;0.00;0.00;0.00;0.00;0.00;0.00;0.00;0.00;320.00;1250.00;450.00;150.00;0.00;0.00;0.00;150.00;150.00;0.00;0.00;0.00;0.00;0.00;0.00;0.00;0.00;0.00;0.00
1770381703.3389232;0.00;0.00;388.00;0.00;0.00;0.00;0.00;0.00;0.00;0.00;0.00;0.00;0.00;0.00;0.00;0.00;0.00;0.00;0.00;0.00;0.00;0.00;0.00;0.00;0.00;0.00;0.00;0.00;320.00;1250.00;450.00;150.00;0.00;0.00;0.00;150.00;150.00;0.00;0.00;0.00;0.00;0.00;0.00;0.00;0.00;0.00;0.00
1770381940.0627391;0.00;0.00;97.00;0.00;0.00;0.00;0.00;0.00;0.00;0.00;0.00;0.00;0.00;0.00;0.00;0.00;0.00;0.00;0.00;0.00;0.00;0.00;0.00;0.00;0.00;0.00;0.00;0.00;150.00;0.00;0.00;0.00;0.00;0.00;0.00;0.00;0.00;0.00;0.00;0.00;0.00;0.00;0.00;0.00;0.00;0.00;0.00
1770381940.063573;0.00;0.00;97.00;0.00;0.00;0.00;0.00;0.00;0.00;0.00;0.00;0.00;0.00;0.00;0.00;0.00;0.00;0.00;0.00;0.00;0.00;0.00;0.00;0.00;0.00;0.00;0.00;0.00;150.00;0.00;0.00;0.00;0.00;0.00;0.00;0.00;0.00;0.00;0.00;0.00;0.00;0.00;0.00;0.00;0.00;0.00;0.00
1770381940.0843532;0.00;0.00;194.00;0.00;0.00;0.00;0.00;0.00;0.00;0.00;0.00;0.00;0.00;0.00;0.00;0.00;0.00;0.00;0.00;0.00;0.00;0.00;0.00;0.00;0.00;0.00;0.00;0.00;150.00;0.00;0.00;0.00;0.00;0.00;0.00;0.00;0.00;0.00;0.00;0.00;0.00;0.00;0.00;0.00;0.00;0.00;0.00
1770381940.084761;0.00;0.00;194.00;0.00;0.00;0.00;0.00;0.00;0.00;0.00;0.00;0.00;0.00;0.00;0.00;0.00;0.00;0.00;0.00;0.00;0.00;0.00;0.00;0.00;0.00;0.00;0.00;0.00;150.00;0.00;0.00;0.00;0.00;0.00;0.00;0.00;0.00;0.00;0.00;0.00;0.00;0.00;0.00;0.00;0.00;0.00;0.00
1770381940.105637;0.00;0.00;291.00;0.00;0.00;0.00;0.00;0.00;0.00;0.00;0.00;0.00;0.00;0.00;0.00;0.00;0.00;0.00;0.00;0.00;0.00;0.00;0.00;0.00;0.00;0.00;0.00;0.00;150.00;0.00;0.00;0.00;0.00;0.00;0.00;0.00;0.00;0.00;0.00;0.00;0.00;0.00;0.00;0.00;0.00;0.00;0.00
1770381940.106055;0.00;0.00;291.00;0.00;0.00;0.00;0.00;0.00;0.00;0.00;0.00;0.00;0.00;0.00;0.00;0.00;0.00;0.00;0.00;0.00;0.00;0.00;0.00;0.00;0.00;0.00;0.00;0.00;150.00;0.00;0.00;0.00;0.00;0.00;0.00;0.00;0.00;0.00;0.00;0.00;0.00;0.00;0.00;0.00;0.00;0.00;0.00
1770381940.1274598;0.00;0.00;388.00;0.00;0.00;0.00;0.00;0.00;0.00;0.00;0.00;0.00;0.00;0.00;0.00;0.00;0.00;0.00;0.00;0.00;0.00;0.00;0.00;0.00;0.00;0.00;0.00;0.00;150.00;0.00;0.00;0.00;0.00;0.00;0.00;0.00;0.00;0.00;0.00;0.00;0.00;0.00;0.00;0.00;0.00;0.00;0.00
1770381940.1279578;0.00;0.00;388.00;0.00;0.00;0.00;0.00;0.00;0.00;0.00;0.00;0.00;0.00;0.00;0.00;0.00;0.00;0.00;0.00;0.00;0.00;0.00;0.00;0.00;0.00;0.00;0.00;0.00;150.00;0.00;0.00;0.00;0.00;0.00;0.00;0.00;0.00;0.00;0.00;0.00;0.00;0.00;0.00;0.00;0.00;0.00;0.00
1770381940.15704;0.00;0.00;388.00;0.00;0.00;0.00;0.00;0.00;0.00;0.00;0.00;0.00;0.00;0.00;0.00;0.00;0.00;0.00;97.00;0.00;0.00;0.00;0.00;0.00;0.00;0.00;0.00;0.00;150.00;97.00;97.00;97.00;97.00;0.00;0.00;320.00;0.00;0.00;0.00;0.00;0.00;0.00;0.00;0.00;0.00;0.00;0.00
1770381940.157562;0.00;0.00;388.00;0.00;0.00;0.00;0.00;0.00;0.00;0.00;0.00;0.00;0.00;0.00;0.00;0.00;0.00;0.00;97.00;0.00;0.00;0.00;0.00;0.00;0.00;0.00;0.00;0.00;150.00;97.00;97.00;97.00;97.00;0.00;0.00;320.00;0.00;0.00;0.00;0.00;0.00;0.00;0.00;0.00;0.00;0.00;0.00
1770381940.185979;0.00;0.00;388.00;0.00;0.00;0.00;0.00;0.00;0.00;0.00;0.00;0.00;0.00;0.00;0.00;0.00;0.00;0.00;194.00;0.00;0.00;0.00;0.00;0.00;0.00;0.00;160.00;160.00;310.00;541.67;541.67;194.00;194.00;0.00;0.00;320.00;0.00;0.00;0.00;0.00;0.00;0.00;0.00;0.00;0.00;0.00;0.00
1770381940.186473;0.00;0.00;388.00;0.00;0.00;0.00;0.00;0.00;0.00;0.00;0.00;0.00;0.00;0.00;0.00;0.00;0.00;0.00;194.00;0.00;0.00;0.00;0.00;0.00;0.00;0.00;160.00;160.00;310.00;541.67;541.67;194.00;194.00;0.00;0.00;320.00;0.00;0.00;0.00;0.00;0.00;0.00;0.00;0.00;0.00;0.00;0.00
1770381940.2140653;0.00;0.00;388.00;0.00;0.00;0.00;0.00;0.00;0.00;0.00;0.00;0.00;0.00;0.00;0.00;0.00;0.00;0.00;291.00;0.00;0.00;0.00;0.00;0.00;0.00;0.00;160.00;160.00;310.00;691.67;691.67;601.00;291.00;0.00;0.00;320.00;0.00;0.00;0.00;0.00;0.00;0.00;0.00;0.00;0.00;0.00;0.00
1770381940.2146165;0.00;0.00;388.00;0.00;0.00;0.00;0.00;0.00;0.00;0.00;0.00;0.00;0.00;0.00;0.00;0.00;0.00;0.00;291.00;0.00;0.00;0.00;0.00;0.00;0.00;0.00;160.00;160.00;310.00;691.67;691.67;601.00;291.00;0.00;0.00;320.00;0.00;0.00;0.00;0.00;0.00;0.00;0.00;0.00;0.00;0.00;0.00
1770381940.2425818;0.00;0.00;388.00;0.00;0.00;0.00;0.00;0.00;0.00;0.00;0.00;0.00;0.00;0.00;0.00;0.00;0.00;0.00;388.00;0.00;0.00;0.00;0.00;0.00;0.00;0.00;160.00;160.00;620.00;931.67;931.67;698.00;388.00;0.00;0.00;470.00;0.00;0.00;0.00;0.00;0.00;0.00;310.00;0.00;0.00;0.00;0.00
1770381940.2430768;0.00;0.00;388.00;0.00;0.00;0.00;0.00;0.00;0.00;0.00;0.00;0.00;0.00;0.00;0.00;0.00;0.00;0.00;388.00;0.00;0.00;0.00;0.00;0.00;0.00;0.00;160.00;160.00;620.00;931.67;931.67;698.00;388.00;0.00;0.00;470.00;0.00;0.00;0.00;0.00;0.00;0.00;310.00;0.00;0.00;0.00;0.00
1770381940.3360252;0.00;0.00;0.00;0.00;0.00;0.00;0.00;0.00;0.00;0.00;0.00;0.00;0.00;0.00;0.00;0.00;0.00;0.00;291.00;0.00;0.00;0.00;0.00;0.00;0.00;0.00;0.00;0.00;0.00;487.00;487.00;601.00;291.00;0.00;0.00;320.00;0.00;0.00;0.00;0.00;0.00;0.00;0.00;0.00;0.00;0.00;0.00
1770381940.336492;0.00;0.00;0.00;0.00;0.00;0.00;0.00;0.00;0.00;0.00;0.00;0.00;0.00;0.00;0.00;0.00;0.00;0.00;291.00;0.00;0.00;0.00;0.00;0.00;0.00;0.00;0.00;0.00;0.00;487.00;487.00;601.00;291.00;0.00;0.00;320.00;0.00;0.00;0.00;0.00;0.00;0.00;0.00;0.00;0.00;0.00;0.00
1770381940.3601096;0.00;0.00;0.00;0.00;0.00;0.00;0.00;0.00;0.00;0.00;0.00;0.00;0.00;0.00;0.00;0.00;0.00;0.00;388.00;0.00;0.00;0.00;0.00;0.00;0.00;0.00;0.00;0.00;150.00;989.33;989.33;1008.00;388.00;0.00;0.00;320.00;310.00;0.00;0.00;0.00;0.00;0.00;0.00;0.00;0.00;0.00;0.00
1770381940.3605645;0.00;0.00;0.00;0.00;0.00;0.00;0.00;0.00;0.00;0.00;0.00;0.00;0.00;0.00;0.00;0.00;0.00;0.00;388.00;0.00;0.00;0.00;0.00;0.00;0.00;0.00;0.00;0.00;150.00;989.33;989.33;1008.00;388.00;0.00;0.00;320.00;310.00;0.00;0.00;0.00;0.00;0.00;0.00;0.00;0.00;0.00;0.00
1770381940.3833828;0.00;0.00;0.00;0.00;0.00;0.00;0.00;0.00;0.00;0.00;0.00;0.00;0.00;0.00;0.00;0.00;0.00;0.00;97.00;0.00;0.00;0.00;0.00;0.00;0.00;0.00;0.00;0.00;0.00;0.00;230.00;129.33;97.00;0.00;0.00;160.00;0.00;0.00;0.00;0.00;0.00;0.00;0.00;0.00;0.00;0.00;0.00
1770381940.383847;0.00;0.00;0.00;0.00;0.00;0.00;0.00;0.00;0.00;0.00;0.00;0.00;0.00;0.00;0.00;0.00;0.00;0.00;97.00;0.00;0.00;0.00;0.00;0.00;0.00;0.00;0.00;0.00;0.00;0.00;230.00;129.33;97.00;0.00;0.00;160.00;0.00;0.00;0.00;0.00;0.00;0.00;0.00;0.00;0.00;0.00;0.00
1770381940.4061913;0.00;0.00;0.00;0.00;0.00;0.00;0.00;0.00;0.00;0.00;0.00;0.00;0.00;0.00;0.00;0.00;0.00;0.00;194.00;0.00;0.00;0.00;0.00;0.00;0.00;0.00;0.00;0.00;0.00;0.00;390.00;226.33;194.00;0.00;0.00;160.00;0.00;0.00;0.00;0.00;0.00;0.00;0.00;0.00;0.00;0.00;0.00
1770381940.4066136;0.00;0.00;0.00;0.00;0.00;0.00;0.00;0.00;0.00;0.00;0.00;0.00;0.00;0.00;0.00;0.00;0.00;0.00;194.00;0.00;0.00;0.00;0.00;0.00;0.00;0.00;0.00;0.00;0.00;0.00;390.00;226.33;194.00;0.00;0.00;160.00;0.00;0.00;0.00;0.00;0.00;0.00;0.00;0.00;0.00;0.00;0.00
1770381940.4297512;0.00;0.00;0.00;0.00;0.00;0.00;0.00;0.00;0.00;0.00;0.00;0.00;0.00;0.00;0.00;0.00;0.00;0.00;291.00;0.00;0.00;0.00;0.00;0.00;0.00;0.00;0.00;0.00;310.00;310.00;710.00;323.33;291.00;0.00;0.00;160.00;0.00;0.00;0.00;0.00;0.00;0.00;0.00;0.00;0.00;0.00;0.00
1770381940.4301922;0.00;0.00;0.00;0.00;0.00;0.00;0.00;0.00;0.00;0.00;0.00;0.00;0.00;0.00;0.00;0.00;0.00;0.00;291.00;0.00;0.00;0.00;0.00;0.00;0.00;0.00;0.00;0.00;310.00;310.00;710.00;323.33;291.00;0.00;0.00;160.00;0.00;0.00;0.00;0.00;0.00;0.00;0.00;0.00;0.00;0.00;0.00
1770381940.4537125;0.00;0.00;0.00;0.00;0.00;0.00;0.00;0.00;0.00;0.00;0.00;0.00;0.00;0.00;0.00;0.00;0.00;0.00;291.00;0.00;0.00;0.00;0.00;0.00;0.00;0.00;0.00;0.00;0.00;0.00;390.00;633.33;291.00;0.00;0.00;160.00;0.00;112.33;0.00;0.00;0.00;0.00;0.00;0.00;0.00;0.00;0.00
1770381940.45416;0.00;0.00;0.00;0.00;0.00;0.00;0.00;0.00;0.00;0.00;0.00;0.00;0.00;0.00;0.00;0.00;0.00;0.00;291.00;0.00;0.00;0.00;0.00;0.00;0.00;0.00;0.00;0.00;0.00;0.00;390.00;633.33;291.00;0.00;0.00;160.00;0.00;112.33;0.00;0.00;0.00;0.00;0.00;0.00;0.00;0.00;0.00
1770381940.4782605;0.00;0.00;0.00;0.00;0.00;0.00;0.00;0.00;0.00;0.00;0.00;0.00;0.00;0.00;0.00;0.00;0.00;0.00;97.00;0.00;0.00;0.00;0.00;0.00;0.00;0.00;0.00;0.00;0.00;0.00;407.00;439.33;97.00;0.00;0.00;0.00;310.00;0.00;0.00;0.00;0.00;0.00;0.00;0.00;0.00;0.00;0.00
1770381940.4787154;0.00;0.00;0.00;0.00;0.00;0.00;0.00;0.00;0.00;0.00;0.00;0.00;0.00;0.00;0.00;0.00;0.00;0.00;97.00;0.00;0.00;0.00;0.00;0.00;0.00;0.00;0.00;0.00;0.00;0.00;407.00;439.33;97.00;0.00;0.00;0.00;310.00;0.00;0.00;0.00;0.00;0.00;0.00;0.00;0.00;0.00;0.00
1770381940.5043125;0.00;0.00;0.00;0.00;0.00;0.00;0.00;0.00;0.00;0.00;0.00;0.00;0.00;0.00;0.00;0.00;0.00;0.00;194.00;0.00;0.00;0.00;0.00;0.00;0.00;0.00;0.00;0.00;0.00;0.00;664.00;696.33;194.00;0.00;0.00;0.00;620.00;0.00;150.00;0.00;0.00;0.00;0.00;0.00;0.00;0.00;0.00
1770381940.5047343;0.00;0.00;0.00;0.00;0.00;0.00;0.00;0.00;0.00;0.00;0.00;0.00;0.00;0.00;0.00;0.00;0.00;0.00;194.00;0.00;0.00;0.00;0.00;0.00;0.00;0.00;0.00;0.00;0.00;0.00;664.00;696.33;194.00;0.00;0.00;0.00;620.00;0.00;150.00;0.00;0.00;0.00;0.00;0.00;0.00;0.00;0.00
1770381940.5298653;0.00;0.00;0.00;0.00;0.00;0.00;0.00;0.00;0.00;0.00;0.00;0.00;0.00;0.00;0.00;0.00;0.00;0.00;291.00;0.00;0.00;0.00;0.00;0.00;0.00;0.00;0.00;0.00;0.00;0.00;856.33;888.66;291.00;0.00;0.00;0.00;844.67;0.00;150.00;0.00;0.00;0.00;0.00;0.00;0.00;0.00;0.00
1770381940.5302954;0.00;0.00;0.00;0.00;0.00;0.00;0.00;0.00;0.00;0.00;0.00;0.00;0.00;0.00;0.00;0.00;0.00;0.00;291.00;0.00;0.00;0.00;0.00;0.00;0.00;0.00;0.00;0.00;0.00;0.00;856.33;888.66;291.00;0.00;0.00;0.00;844.67;0.00;150.00;0.00;0.00;0.00;0.00;0.00;0.00;0.00;0.00
1770381940.5556307;0.00;0.00;0.00;0.00;0.00;0.00;0.00;0.00;0.00;0.00;0.00;0.00;0.00;0.00;0.00;0.00;0.00;0.00;388.00;0.00;0.00;0.00;0.00;374.67;0.00;0.00;0.00;0.00;0.00;0.00;1038.66;1070.99;643.33;384.67;374.67;0.00;844.67;0.00;150.00;0.00;0.00;0.00;0.00;0.00;0.00;0.00;0.00
1770381940.5560904;0.00;0.00;0.00;0.00;0.00;0.00;0.00;0.00;0.00;0.00;0.00;0.00;0.00;0.00;0.00;0.00;0.00;0.00;388.00;0.00;0.00;0.00;0.00;374.67;0.00;0.00;0.00;0.00;0.00;0.00;1038.66;1070.99;643.33;384.67;374.67;0.00;844.67;0.00;150.00;0.00;0.00;0.00;0.00;0.00;0.00;0.00;0.00
1770381951.7379446;0.00;0.00;0.00;0.00;0.00;0.00;0.00;0.00;0.00;0.00;0.00;0.00;97.00;0.00;0.00;0.00;0.00;0.00;388.00;0.00;0.00;0.00;0.00;374.67;0.00;0.00;0.00;390.00;390.00;390.00;1038.66;1070.99;643.33;384.67;374.67;0.00;844.67;0.00;150.00;0.00;0.00;0.00;0.00;0.00;0.00;0.00;0.00
1770381951.7384975;0.00;0.00;0.00;0.00;0.00;0.00;0.00;0.00;0.00;0.00;0.00;0.00;97.00;0.00;0.00;0.00;0.00;0.00;388.00;0.00;0.00;0.00;0.00;374.67;0.00;0.00;0.00;390.00;390.00;390.00;1038.66;1070.99;643.33;384.67;374.67;0.00;844.67;0.00;150.00;0.00;0.00;0.00;0.00;0.00;0.00;0.00;0.00
1770381951.7729204;0.00;0.00;0.00;0.00;0.00;0.00;0.00;0.00;0.00;0.00;0.00;0.00;194.00;0.00;0.00;0.00;0.00;0.00;388.00;0.00;0.00;0.00;0.00;374.67;0.00;0.00;0.00;534.67;534.67;534.67;1198.66;1230.99;643.33;384.67;374.67;0.00;1154.67;0.00;604.67;0.00;0.00;0.00;0.00;0.00;0.00;0.00;0.00
1770381951.7734792;0.00;0.00;0.00;0.00;0.00;0.00;0.00;0.00;0.00;0.00;0.00;0.00;194.00;0.00;0.00;0.00;0.00;0.00;388.00;0.00;0.00;0.00;0.00;374.67;0.00;0.00;0.00;534.67;534.67;534.67;1198.66;1230.99;643.33;384.67;374.67;0.00;1154.67;0.00;604.67;0.00;0.00;0.00;0.00;0.00;0.00;0.00;0.00
1770381951.822764;0.00;0.00;0.00;0.00;0.00;0.00;0.00;0.00;0.00;0.00;0.00;0.00;291.00;0.00;0.00;0.00;0.00;0.00;388.00;0.00;0.00;0.00;0.00;374.67;0.00;0.00;0.00;679.34;679.34;679.34;1658.66;1690.99;643.33;384.67;374.67;0.00;1154.67;0.00;604.67;0.00;0.00;0.00;0.00;0.00;0.00;0.00;0.00
1770381951.8233624;0.00;0.00;0.00;0.00;0.00;0.00;0.00;0.00;0.00;0.00;0.00;0.00;291.00;0.00;0.00;0.00;0.00;0.00;388.00;0.00;0.00;0.00;0.00;374.67;0.00;0.00;0.00;679.34;679.34;679.34;1658.66;1690.99;643.33;384.67;374.67;0.00;1154.67;0.00;604.67;0.00;0.00;0.00;0.00;0.00;0.00;0.00;0.00
1770381951.860269;0.00;0.00;0.00;0.00;0.00;0.00;0.00;0.00;0.00;0.00;0.00;0.00;388.00;0.00;0.00;0.00;0.00;0.00;388.00;0.00;0.00;0.00;0.00;374.67;0.00;0.00;0.00;1124.01;1124.01;1124.01;1658.66;1690.99;643.33;384.67;374.67;0.00;1154.67;0.00;604.67;0.00;150.00;0.00;0.00;0.00;0.00;0.00;0.00
1770381951.860799;0.00;0.00;0.00;0.00;0.00;0.00;0.00;0.00;0.00;0.00;0.00;0.00;388.00;0.00;0.00;0.00;0.00;0.00;388.00;0.00;0.00;0.00;0.00;374.67;0.00;0.00;0.00;1124.01;1124.01;1124.01;1658.66;1690.99;643.33;384.67;374.67;0.00;1154.67;0.00;604.67;0.00;150.00;0.00;0.00;0.00;0.00;0.00;0.00
1770381952.9169562;0.00;0.00;0.00;0.00;0.00;0.00;0.00;0.00;0.00;0.00;0.00;0.00;388.00;0.00;0.00;0.00;0.00;0.00;194.00;0.00;0.00;0.00;0.00;599.34;0.00;0.00;0.00;1124.01;1124.01;1124.01;1192.33;1224.66;544.66;609.34;599.34;0.00;572.33;0.00;454.67;0.00;150.00;0.00;0.00;0.00;0.00;0.00;0.00
1770381952.9176188;0.00;0.00;0.00;0.00;0.00;0.00;0.00;0.00;0.00;0.00;0.00;0.00;388.00;0.00;0.00;0.00;0.00;0.00;194.00;0.00;0.00;0.00;0.00;599.34;0.00;0.00;0.00;1124.01;1124.01;1124.01;1192.33;1224.66;544.66;609.34;599.34;0.00;572.33;0.00;454.67;0.00;150.00;0.00;0.00;0.00;0.00;0.00;0.00
1770381952.950375;0.00;0.00;0.00;0.00;0.00;0.00;0.00;0.00;0.00;0.00;0.00;0.00;388.00;0.00;0.00;0.00;0.00;0.00;291.00;0.00;0.00;0.00;0.00;829.34;0.00;0.00;0.00;1124.01;1124.01;1124.01;1417.00;1449.33;1079.33;1111.67;829.34;0.00;882.33;0.00;454.67;0.00;150.00;150.00;0.00;0.00;0.00;320.00;0.00
1770381952.9508677;0.00;0.00;0.00;0.00;0.00;0.00;0.00;0.00;0.00;0.00;0.00;0.00;388.00;0.00;0.00;0.00;0.00;0.00;291.00;0.00;0.00;0.00;0.00;829.34;0.00;0.00;0.00;1124.01;1124.01;1124.01;1417.00;1449.33;1079.33;1111.67;829.34;0.00;882.33;0.00;454.67;0.00;150.00;150.00;0.00;0.00;0.00;320.00;0.00
1770381952.9858427;0.00;0.00;0.00;0.00;0.00;0.00;0.00;0.00;0.00;0.00;0.00;0.00;388.00;0.00;0.00;0.00;0.00;0.00;388.00;0.00;0.00;0.00;0.00;909.34;0.00;0.00;0.00;1124.01;1124.01;1124.01;1481.67;1514.00;1144.00;1144.00;909.34;0.00;882.33;0.00;454.67;0.00;150.00;150.00;0.00;0.00;0.00;432.33;0.00
1770381952.986399;0.00;0.00;0.00;0.00;0.00;0.00;0.00;0.00;0.00;0.00;0.00;0.00;388.00;0.00;0.00;0.00;0.00;0.00;388.00;0.00;0.00;0.00;0.00;909.34;0.00;0.00;0.00;1124.01;1124.01;1124.01;1481.67;1514.00;1144.00;1144.00;909.34;0.00;882.33;0.00;454.67;0.00;150.00;150.00;0.00;0.00;0.00;432.33;0.00
