timestamp,2,5,6,8,9,14,18,23,25,28,33,34
1755087328.714178,0.00,0.00,0.00,0.00,33.00,0.00,0.00,0.00,0.00,0.00,0.00,0.00
1755087328.7144651,0.00,0.00,0.00,0.00,33.00,0.00,0.00,0.00,0.00,0.00,0.00,0.00
1755087328.8170085,0.00,0.00,33.00,0.00,33.00,0.00,0.00,0.00,0.00,0.00,0.00,0.00
1755087328.8172143,0.00,0.00,33.00,0.00,33.00,0.00,0.00,0.00,0.00,0.00,0.00,0.00
1755087329.2352746,0.00,0.00,33.00,0.00,33.00,0.00,0.00,0.00,0.00,0.00,0.00,33.00
1755087329.2362256,0.00,0.00,33.00,0.00,33.00,0.00,0.00,0.00,0.00,0.00,0.00,33.00
1755087329.652247,0.00,33.00,33.00,0.00,33.00,0.00,0.00,0.00,0.00,0.00,0.00,33.00
1755087329.652474,0.00,33.00,33.00,0.00,33.00,0.00,0.00,0.00,0.00,0.00,0.00,33.00
1755087355.2236104,0.00,33.00,33.00,0.00,0.00,0.00,0.00,0.00,33.00,0.00,0.00,33.00
1755087355.22403,0.00,33.00,33.00,0.00,0.00,0.00,0.00,0.00,33.00,0.00,0.00,33.00
1755087356.2859597,0.00,33.00,33.00,0.00,33.00,0.00,0.00,0.00,33.00,0.00,0.00,33.00
1755087356.2863703,0.00,33.00,33.00,0.00,33.00,0.00,0.00,0.00,33.00,0.00,0.00,33.00
1755087356.327464,0.00,33.00,33.00,0.00,33.00,0.00,0.00,33.00,33.00,0.00,0.00,33.00
1755087356.3278306,0.00,33.00,33.00,0.00,33.00,0.00,0.00,33.00,33.00,0.00,0.00,33.00
1755087356.6129687,0.00,33.00,33.00,0.00,33.00,0.00,0.00,33.00,33.00,0.00,0.00,33.00
1755087356.6133707,0.00,33.00,33.00,0.00,33.00,0.00,0.00,33.00,33.00,0.00,0.00,33.00
1755087356.9958735,0.00,33.00,33.00,0.00,33.00,0.00,0.00,33.00,33.00,0.00,0.00,33.00
1755087356.9976304,0.00,33.00,33.00,0.00,33.00,0.00,0.00,33.00,33.00,0.00,0.00,33.00
1755087359.96554,0.00,33.00,0.00,0.00,33.00,0.00,0.00,33.00,33.00,0.00,0.00,33.00
1755087359.9659312,0.00,33.00,0.00,0.00,33.00,0.00,0.00,33.00,33.00,0.00,0.00,33.00
1755087371.0422306,0.00,33.00,0.00,33.00,33.00,0.00,0.00,33.00,33.00,0.00,0.00,33.00
1755087371.0426412,0.00,33.00,0.00,33.00,33.00,0.00,0.00,33.00,33.00,0.00,0.00,33.00
1755087371.075563,0.00,33.00,33.00,33.00,33.00,0.00,0.00,33.00,33.00,0.00,0.00,33.00
1755087371.0757682,0.00,33.00,33.00,33.00,33.00,0.00,0.00,33.00,33.00,0.00,0.00,33.00
1755087371.1069112,0.00,33.00,33.00,33.00,33.00,0.00,0.00,33.00,66.00,0.00,0.00,33.00
1755087371.1072688,0.00,33.00,33.00,33.00,33.00,0.00,0.00,33.00,66.00,0.00,0.00,33.00
1755087371.3982463,0.00,33.00,33.00,33.00,33.00,0.00,0.00,33.00,66.00,33.00,0.00,33.00
1755087371.3986511,0.00,33.00,33.00,33.00,33.00,0.00,0.00,33.00,66.00,33.00,0.00,33.00
1755087380.6208582,33.00,33.00,33.00,33.00,33.00,0.00,0.00,33.00,66.00,33.00,0.00,33.00
1755087380.6220722,33.00,33.00,33.00,33.00,33.00,0.00,0.00,33.00,66.00,33.00,0.00,33.00
1755087389.5105152,33.00,33.00,33.00,66.00,33.00,0.00,0.00,33.00,66.00,33.00,0.00,33.00
1755087389.5117924,33.00,33.00,33.00,66.00,33.00,0.00,0.00,33.00,66.00,33.00,0.00,33.00
1755087390.0848863,33.00,66.00,33.00,66.00,33.00,0.00,0.00,33.00,66.00,33.00,0.00,33.00
1755087390.0852678,33.00,66.00,33.00,66.00,33.00,0.00,0.00,33.00,66.00,33.00,0.00,33.00
1755087390.5723293,33.00,66.00,33.00,66.00,33.00,0.00,0.00,33.00,66.00,66.00,0.00,33.00
1755087390.5725596,33.00,66.00,33.00,66.00,33.00,0.00,0.00,33.00,66.00,66.00,0.00,33.00
1755087390.863713,33.00,66.00,33.00,66.00,33.00,0.00,0.00,33.00,99.00,66.00,0.00,33.00
1755087390.8641074,33.00,66.00,33.00,66.00,33.00,0.00,0.00,33.00,99.00,66.00,0.00,33.00
1755087408.0733314,33.00,66.00,33.00,66.00,66.00,0.00,0.00,33.00,99.00,66.00,0.00,33.00
1755087408.0737312,33.00,66.00,33.00,66.00,66.00,0.00,0.00,33.00,99.00,66.00,0.00,33.00
1755087408.1224725,33.00,66.00,33.00,66.00,66.00,0.00,0.00,33.00,99.00,66.00,0.00,66.00
1755087408.1228564,33.00,66.00,33.00,66.00,66.00,0.00,0.00,33.00,99.00,66.00,0.00,66.00
1755087408.1661658,33.00,66.00,33.00,66.00,66.00,0.00,33.00,33.00,99.00,66.00,0.00,66.00
1755087408.166523,33.00,66.00,33.00,66.00,66.00,0.00,33.00,33.00,99.00,66.00,0.00,66.00
1755087408.217016,33.00,66.00,33.00,66.00,66.00,0.00,33.00,33.00,99.00,66.00,0.00,66.00
1755087408.2174065,33.00,66.00,33.00,66.00,66.00,0.00,33.00,33.00,99.00,66.00,0.00,66.00
1755087410.4449706,33.00,66.00,33.00,66.00,66.00,0.00,33.00,33.00,99.00,66.00,33.00,33.00
1755087410.4452121,33.00,66.00,33.00,66.00,66.00,0.00,33.00,33.00,99.00,66.00,33.00,33.00
1755087420.685054,33.00,66.00,33.00,66.00,66.00,0.00,33.00,33.00,99.00,66.00,33.00,33.00
1755087420.6855159,33.00,66.00,33.00,66.00,66.00,0.00,33.00,33.00,99.00,66.00,33.00,33.00
1755087421.1670027,33.00,66.00,33.00,66.00,66.00,0.00,33.00,33.00,99.00,66.00,33.00,66.00
1755087421.1674428,33.00,66.00,33.00,66.00,66.00,0.00,33.00,33.00,99.00,66.00,33.00,66.00
1755087426.1363661,0.00,66.00,33.00,66.00,66.00,0.00,33.00,33.00,99.00,66.00,66.00,66.00
1755087426.1366675,0.00,66.00,33.00,66.00,66.00,0.00,33.00,33.00,99.00,66.00,66.00,66.00
1755087430.036294,33.00,66.00,33.00,66.00,66.00,0.00,33.00,33.00,99.00,66.00,66.00,66.00
1755087430.0376246,33.00,66.00,33.00,66.00,66.00,0.00,33.00,33.00,99.00,66.00,66.00,66.00
1755087430.8438597,33.00,66.00,33.00,66.00,66.00,0.00,33.00,33.00,99.00,66.00,66.00,66.00
1755087430.8441417,33.00,66.00,33.00,66.00,66.00,0.00,33.00,33.00,99.00,66.00,66.00,66.00
1755087431.8856878,33.00,66.00,33.00,66.00,66.00,0.00,33.00,33.00,99.00,66.00,66.00,66.00
1755087431.8871982,33.00,66.00,33.00,66.00,66.00,0.00,33.00,33.00,99.00,66.00,66.00,66.00
1755087432.9105275,33.00,66.00,33.00,66.00,66.00,0.00,33.00,33.00,99.00,66.00,66.00,66.00
1755087432.9109302,33.00,66.00,33.00,66.00,66.00,0.00,33.00,33.00,99.00,66.00,66.00,66.00
1755087434.0648198,33.00,66.00,33.00,66.00,66.00,0.00,33.00,33.00,99.00,66.00,66.00,66.00
1755087434.065251,33.00,66.00,33.00,66.00,66.00,0.00,33.00,33.00,99.00,66.00,66.00,66.00
1755087446.7922807,33.00,66.00,33.00,66.00,66.00,0.00,66.00,33.00,99.00,66.00,66.00,66.00
1755087446.7927377,33.00,66.00,33.00,66.00,66.00,0.00,66.00,33.00,99.00,66.00,66.00,66.00
1755087447.5381522,33.00,99.00,33.00,66.00,66.00,0.00,66.00,33.00,99.00,66.00,66.00,66.00
1755087447.5385718,33.00,99.00,33.00,66.00,66.00,0.00,66.00,33.00,99.00,66.00,66.00,66.00
1755087448.252381,33.00,99.00,33.00,66.00,66.00,0.00,66.00,33.00,99.00,99.00,66.00,66.00
1755087448.252823,33.00,99.00,33.00,66.00,66.00,0.00,66.00,33.00,99.00,99.00,66.00,66.00
1755087448.837834,33.00,99.00,33.00,66.00,66.00,0.00,66.00,66.00,99.00,99.00,66.00,66.00
1755087448.839669,33.00,99.00,33.00,66.00,66.00,0.00,66.00,66.00,99.00,99.00,66.00,66.00
1755087455.9140618,33.00,99.00,33.00,66.00,66.00,0.00,66.00,66.00,99.00,99.00,66.00,66.00
1755087455.9144564,33.00,99.00,33.00,66.00,66.00,0.00,66.00,66.00,99.00,99.00,66.00,66.00
1755087463.6744916,33.00,66.00,33.00,66.00,33.00,0.00,66.00,33.00,66.00,99.00,33.00,33.00
1755087463.6758773,33.00,66.00,33.00,66.00,33.00,0.00,66.00,33.00,66.00,99.00,33.00,33.00
1755087464.7230947,33.00,66.00,33.00,66.00,33.00,0.00,66.00,33.00,66.00,99.00,33.00,33.00
1755087464.7235107,33.00,66.00,33.00,66.00,33.00,0.00,66.00,33.00,66.00,99.00,33.00,33.00
1755087465.7334461,33.00,66.00,33.00,66.00,33.00,0.00,66.00,33.00,66.00,99.00,33.00,33.00
1755087465.7354548,33.00,66.00,33.00,66.00,33.00,0.00,66.00,33.00,66.00,99.00,33.00,33.00
1755087466.6863685,33.00,66.00,33.00,66.00,33.00,0.00,66.00,33.00,66.00,99.00,33.00,33.00
1755087466.6871607,33.00,66.00,33.00,66.00,33.00,0.00,66.00,33.00,66.00,99.00,33.00,33.00
1755087477.6432235,33.00,33.00,33.00,33.00,33.00,0.00,66.00,33.00,66.00,66.00,33.00,33.00
1755087477.643642,33.00,33.00,33.00,33.00,33.00,0.00,66.00,33.00,66.00,66.00,33.00,33.00
1755087478.2949553,33.00,33.00,33.00,33.00,33.00,0.00,66.00,33.00,66.00,66.00,33.00,33.00
1755087478.2971048,33.00,33.00,33.00,33.00,33.00,0.00,66.00,33.00,66.00,66.00,33.00,33.00
1755087479.125916,33.00,33.00,33.00,33.00,33.00,0.00,66.00,33.00,66.00,66.00,33.00,33.00
1755087479.126361,33.00,33.00,33.00,33.00,33.00,0.00,66.00,33.00,66.00,66.00,33.00,33.00
1755087480.6855707,33.00,66.00,33.00,33.00,33.00,0.00,66.00,33.00,66.00,66.00,33.00,33.00
1755087480.6875918,33.00,66.00,33.00,33.00,33.00,0.00,66.00,33.00,66.00,66.00,33.00,33.00
1755087482.884042,33.00,66.00,33.00,33.00,33.00,0.00,66.00,33.00,66.00,66.00,33.00,33.00
1755087482.8844585,33.00,66.00,33.00,33.00,33.00,0.00,66.00,33.00,66.00,66.00,33.00,33.00
1755087484.0403302,33.00,66.00,33.00,33.00,66.00,0.00,66.00,33.00,66.00,66.00,33.00,33.00
1755087484.0414157,33.00,66.00,33.00,33.00,66.00,0.00,66.00,33.00,66.00,66.00,33.00,33.00
1755087485.771453,33.00,66.00,33.00,33.00,66.00,0.00,66.00,33.00,66.00,66.00,33.00,66.00
1755087485.773018,33.00,66.00,33.00,33.00,66.00,0.00,66.00,33.00,66.00,66.00,33.00,66.00
1755087487.2382953,33.00,66.00,33.00,33.00,66.00,0.00,66.00,33.00,66.00,66.00,33.00,66.00
1755087487.2387512,33.00,66.00,33.00,33.00,66.00,0.00,66.00,33.00,66.00,66.00,33.00,66.00
1755087488.747033,33.00,66.00,33.00,33.00,66.00,0.00,33.00,33.00,66.00,33.00,33.00,66.00
1755087488.7517004,33.00,66.00,33.00,33.00,66.00,0.00,33.00,33.00,66.00,33.00,33.00,66.00
1755087490.7907927,33.00,66.00,33.00,33.00,66.00,0.00,33.00,33.00,66.00,33.00,33.00,66.00
1755087490.7918053,33.00,66.00,33.00,33.00,66.00,0.00,33.00,33.00,66.00,33.00,33.00,66.00
1755087492.780642,33.00,66.00,0.00,33.00,66.00,0.00,33.00,33.00,66.00,33.00,33.00,66.00
1755087492.7809343,33.00,66.00,0.00,33.00,66.00,0.00,33.00,33.00,66.00,33.00,33.00,66.00
1755087494.3353827,33.00,66.00,33.00,33.00,66.00,0.00,33.00,33.00,66.00,33.00,33.00,66.00
1755087494.3364935,33.00,66.00,33.00,33.00,66.00,0.00,33.00,33.00,66.00,33.00,33.00,66.00
1755087499.979356,33.00,33.00,33.00,0.00,66.00,0.00,33.00,33.00,33.00,33.00,33.00,66.00
1755087499.980511,33.00,33.00,33.00,0.00,66.00,0.00,33.00,33.00,33.00,33.00,33.00,66.00
1755087501.6458175,33.00,33.00,33.00,0.00,66.00,0.00,33.00,33.00,33.00,33.00,33.00,66.00
1755087501.6461394,33.00,33.00,33.00,0.00,66.00,0.00,33.00,33.00,33.00,33.00,33.00,66.00
1755087503.0443552,33.00,33.00,33.00,0.00,66.00,0.00,33.00,33.00,33.00,33.00,33.00,66.00
1755087503.044757,33.00,33.00,33.00,0.00,66.00,0.00,33.00,33.00,33.00,33.00,33.00,66.00
1755087504.1537118,33.00,33.00,33.00,0.00,66.00,0.00,33.00,33.00,33.00,33.00,33.00,66.00
1755087504.1541307,33.00,33.00,33.00,0.00,66.00,0.00,33.00,33.00,33.00,33.00,33.00,66.00
1755087511.4507265,33.00,33.00,33.00,33.00,66.00,0.00,33.00,33.00,33.00,33.00,33.00,66.00
1755087511.4518006,33.00,33.00,33.00,33.00,66.00,0.00,33.00,33.00,33.00,33.00,33.00,66.00
1755087512.4619763,33.00,33.00,33.00,33.00,66.00,0.00,33.00,33.00,33.00,33.00,33.00,66.00
1755087512.4625032,33.00,33.00,33.00,33.00,66.00,0.00,33.00,33.00,33.00,33.00,33.00,66.00
1755087513.1043127,33.00,33.00,33.00,33.00,66.00,0.00,33.00,33.00,33.00,33.00,33.00,66.00
1755087513.104583,33.00,33.00,33.00,33.00,66.00,0.00,33.00,33.00,33.00,33.00,33.00,66.00
1755087513.9421196,33.00,33.00,33.00,33.00,66.00,0.00,33.00,33.00,33.00,33.00,33.00,66.00
1755087513.9425833,33.00,33.00,33.00,33.00,66.00,0.00,33.00,33.00,33.00,33.00,33.00,66.00
1755087514.6822588,33.00,33.00,33.00,33.00,66.00,0.00,33.00,33.00,33.00,33.00,33.00,66.00
1755087514.6867554,33.00,33.00,33.00,33.00,66.00,0.00,33.00,33.00,33.00,33.00,33.00,66.00
1755087515.141377,33.00,33.00,33.00,33.00,66.00,0.00,33.00,33.00,33.00,66.00,33.00,66.00
1755087515.141793,33.00,33.00,33.00,33.00,66.00,0.00,33.00,33.00,33.00,66.00,33.00,66.00
1755087515.6217546,33.00,33.00,33.00,33.00,66.00,0.00,33.00,33.00,66.00,66.00,33.00,66.00
1755087515.6221824,33.00,33.00,33.00,33.00,66.00,0.00,33.00,33.00,66.00,66.00,33.00,66.00
1755087530.170867,33.00,66.00,33.00,33.00,66.00,0.00,33.00,33.00,66.00,66.00,33.00,66.00
1755087530.1712763,33.00,66.00,33.00,33.00,66.00,0.00,33.00,33.00,66.00,66.00,33.00,66.00
1755087530.2175806,33.00,66.00,33.00,33.00,66.00,0.00,33.00,33.00,66.00,99.00,33.00,66.00
1755087530.2178032,33.00,66.00,33.00,33.00,66.00,0.00,33.00,33.00,66.00,99.00,33.00,66.00
1755087530.250492,33.00,66.00,33.00,33.00,66.00,0.00,33.00,33.00,66.00,99.00,33.00,66.00
1755087530.2507095,33.00,66.00,33.00,33.00,66.00,0.00,33.00,33.00,66.00,99.00,33.00,66.00
1755087530.3405635,33.00,66.00,33.00,33.00,66.00,0.00,33.00,33.00,66.00,99.00,33.00,66.00
1755087530.3409777,33.00,66.00,33.00,33.00,66.00,0.00,33.00,33.00,66.00,99.00,33.00,66.00
1755087539.409023,33.00,66.00,33.00,33.00,33.00,0.00,0.00,0.00,66.00,66.00,33.00,66.00
1755087539.4094775,33.00,66.00,33.00,33.00,33.00,0.00,0.00,0.00,66.00,66.00,33.00,66.00
1755087539.9148815,33.00,66.00,33.00,33.00,33.00,0.00,33.00,0.00,66.00,66.00,33.00,66.00
1755087539.9153478,33.00,66.00,33.00,33.00,33.00,0.00,33.00,0.00,66.00,66.00,33.00,66.00
1755087552.1776047,33.00,66.00,33.00,33.00,66.00,0.00,33.00,0.00,66.00,66.00,33.00,66.00
1755087552.1778417,33.00,66.00,33.00,33.00,66.00,0.00,33.00,0.00,66.00,66.00,33.00,66.00
1755087552.2260308,33.00,66.00,33.00,66.00,66.00,0.00,33.00,0.00,66.00,66.00,33.00,66.00
1755087552.2262688,33.00,66.00,33.00,66.00,66.00,0.00,33.00,0.00,66.00,66.00,33.00,66.00
1755087552.5562687,33.00,66.00,33.00,66.00,66.00,0.00,33.00,0.00,66.00,66.00,33.00,66.00
1755087552.5573337,33.00,66.00,33.00,66.00,66.00,0.00,33.00,0.00,66.00,66.00,33.00,66.00
1755087553.1453373,33.00,66.00,33.00,66.00,66.00,0.00,33.00,0.00,66.00,99.00,33.00,66.00
1755087553.1474783,33.00,66.00,33.00,66.00,66.00,0.00,33.00,0.00,66.00,99.00,33.00,66.00
1755087554.579551,66.00,66.00,33.00,66.00,66.00,0.00,33.00,0.00,66.00,99.00,33.00,33.00
1755087554.5805137,66.00,66.00,33.00,66.00,66.00,0.00,33.00,0.00,66.00,99.00,33.00,33.00
1755087559.3559787,33.00,66.00,33.00,66.00,66.00,0.00,33.00,0.00,66.00,99.00,33.00,33.00
1755087559.3564234,33.00,66.00,33.00,66.00,66.00,0.00,33.00,0.00,66.00,99.00,33.00,33.00
1755087559.936891,33.00,66.00,33.00,66.00,66.00,0.00,33.00,0.00,66.00,99.00,33.00,33.00
1755087559.9372163,33.00,66.00,33.00,66.00,66.00,0.00,33.00,0.00,66.00,99.00,33.00,33.00
1755087575.7160144,33.00,66.00,33.00,66.00,66.00,0.00,33.00,0.00,66.00,66.00,33.00,33.00
1755087575.7170858,33.00,66.00,33.00,66.00,66.00,0.00,33.00,0.00,66.00,66.00,33.00,33.00
1755087577.6127987,33.00,66.00,66.00,66.00,66.00,0.00,33.00,0.00,66.00,66.00,33.00,33.00
1755087577.6131175,33.00,66.00,66.00,66.00,66.00,0.00,33.00,0.00,66.00,66.00,33.00,33.00
1755087579.2711873,33.00,66.00,66.00,66.00,66.00,0.00,66.00,0.00,66.00,66.00,33.00,33.00
1755087579.271474,33.00,66.00,66.00,66.00,66.00,0.00,66.00,0.00,66.00,66.00,33.00,33.00
1755087581.159468,33.00,66.00,66.00,66.00,66.00,0.00,66.00,0.00,66.00,66.00,33.00,66.00
1755087581.161011,33.00,66.00,66.00,66.00,66.00,0.00,66.00,0.00,66.00,66.00,33.00,66.00
1755087583.1358848,33.00,66.00,66.00,66.00,66.00,0.00,66.00,0.00,66.00,66.00,0.00,66.00
1755087583.1396945,33.00,66.00,66.00,66.00,66.00,0.00,66.00,0.00,66.00,66.00,0.00,66.00
1755087585.0576591,33.00,66.00,66.00,66.00,66.00,0.00,66.00,0.00,66.00,66.00,0.00,66.00
1755087585.0581017,33.00,66.00,66.00,66.00,66.00,0.00,66.00,0.00,66.00,66.00,0.00,66.00
1755087586.9281962,33.00,66.00,66.00,66.00,66.00,0.00,66.00,0.00,66.00,66.00,33.00,66.00
1755087586.9284797,33.00,66.00,66.00,66.00,66.00,0.00,66.00,0.00,66.00,66.00,33.00,66.00
1755087588.4116297,66.00,66.00,66.00,66.00,66.00,0.00,66.00,0.00,66.00,66.00,33.00,66.00
1755087588.4120698,66.00,66.00,66.00,66.00,66.00,0.00,66.00,0.00,66.00,66.00,33.00,66.00
1755087589.8338485,66.00,66.00,66.00,66.00,66.00,0.00,66.00,0.00,66.00,99.00,33.00,66.00
1755087589.8341503,66.00,66.00,66.00,66.00,66.00,0.00,66.00,0.00,66.00,99.00,33.00,66.00
1755087590.9793828,66.00,99.00,66.00,66.00,66.00,0.00,66.00,0.00,66.00,99.00,33.00,66.00
1755087590.9814124,66.00,99.00,66.00,66.00,66.00,0.00,66.00,0.00,66.00,99.00,33.00,66.00
1755087591.9052176,66.00,99.00,66.00,66.00,66.00,0.00,66.00,0.00,66.00,99.00,33.00,66.00
1755087591.9056833,66.00,99.00,66.00,66.00,66.00,0.00,66.00,0.00,66.00,99.00,33.00,66.00
1755087593.1268468,66.00,99.00,66.00,66.00,66.00,0.00,66.00,0.00,66.00,99.00,33.00,66.00
1755087593.1271436,66.00,99.00,66.00,66.00,66.00,0.00,66.00,0.00,66.00,99.00,33.00,66.00
1755087594.172412,66.00,99.00,66.00,66.00,66.00,0.00,66.00,0.00,99.00,99.00,33.00,66.00
1755087594.1745589,66.00,99.00,66.00,66.00,66.00,0.00,66.00,0.00,99.00,99.00,33.00,66.00
1755087596.4829836,66.00,99.00,66.00,66.00,66.00,0.00,66.00,0.00,99.00,99.00,66.00,66.00
1755087596.4849799,66.00,99.00,66.00,66.00,66.00,0.00,66.00,0.00,99.00,99.00,66.00,66.00
1755087606.0639374,66.00,99.00,66.00,66.00,66.00,0.00,66.00,0.00,99.00,66.00,33.00,66.00
1755087606.0643983,66.00,99.00,66.00,66.00,66.00,0.00,66.00,0.00,99.00,66.00,33.00,66.00
1755087609.21942,66.00,99.00,66.00,66.00,66.00,0.00,66.00,0.00,99.00,66.00,33.00,66.00
1755087609.2198467,66.00,99.00,66.00,66.00,66.00,0.00,66.00,0.00,99.00,66.00,33.00,66.00
1755087609.2568445,66.00,99.00,66.00,66.00,66.00,0.00,66.00,0.00,99.00,99.00,33.00,66.00
1755087609.2570603,66.00,99.00,66.00,66.00,66.00,0.00,66.00,0.00,99.00,99.00,33.00,66.00
1755087609.3194137,66.00,99.00,66.00,66.00,66.00,0.00,66.00,0.00,99.00,99.00,66.00,66.00
1755087609.3196454,66.00,99.00,66.00,66.00,66.00,0.00,66.00,0.00,99.00,99.00,66.00,66.00
1755087609.8583329,66.00,99.00,66.00,99.00,66.00,0.00,66.00,0.00,99.00,99.00,66.00,66.00
1755087609.85879,66.00,99.00,66.00,99.00,66.00,0.00,66.00,0.00,99.00,99.00,66.00,66.00
1755087611.0615802,66.00,99.00,66.00,99.00,66.00,0.00,66.00,0.00,99.00,99.00,66.00,66.00
1755087611.0619917,66.00,99.00,66.00,99.00,66.00,0.00,66.00,0.00,99.00,99.00,66.00,66.00
1755087611.1069078,66.00,99.00,66.00,99.00,66.00,33.00,66.00,0.00,99.00,99.00,66.00,66.00
1755087611.1072936,66.00,99.00,66.00,99.00,66.00,33.00,66.00,0.00,99.00,99.00,66.00,66.00
1755087630.4965749,66.00,99.00,66.00,99.00,33.00,33.00,66.00,0.00,99.00,99.00,66.00,33.00
1755087630.4970117,66.00,99.00,66.00,99.00,33.00,33.00,66.00,0.00,99.00,99.00,66.00,33.00
1755087630.804209,66.00,99.00,66.00,99.00,33.00,33.00,66.00,33.00,99.00,99.00,66.00,33.00
1755087630.8046193,66.00,99.00,66.00,99.00,33.00,33.00,66.00,33.00,99.00,99.00,66.00,33.00
1755087630.8484135,66.00,99.00,66.00,99.00,33.00,33.00,66.00,33.00,99.00,99.00,66.00,33.00
1755087630.848651,66.00,99.00,66.00,99.00,33.00,33.00,66.00,33.00,99.00,99.00,66.00,33.00
1755087631.1399937,66.00,99.00,66.00,99.00,33.00,33.00,66.00,33.00,99.00,99.00,66.00,33.00
1755087631.1403983,66.00,99.00,66.00,99.00,33.00,33.00,66.00,33.00,99.00,99.00,66.00,33.00
1755087631.1778438,66.00,99.00,66.00,99.00,33.00,33.00,66.00,33.00,99.00,99.00,66.00,33.00
1755087631.178225,66.00,99.00,66.00,99.00,33.00,33.00,66.00,33.00,99.00,99.00,66.00,33.00
1755087637.5283942,66.00,99.00,66.00,99.00,33.00,33.00,33.00,33.00,66.00,99.00,33.00,33.00
1755087637.5294576,66.00,99.00,66.00,99.00,33.00,33.00,33.00,33.00,66.00,99.00,33.00,33.00
1755087642.7549727,66.00,99.00,66.00,66.00,33.00,33.00,33.00,33.00,66.00,66.00,33.00,33.00
1755087642.7586932,66.00,99.00,66.00,66.00,33.00,33.00,33.00,33.00,66.00,66.00,33.00,33.00
1755087644.4988384,66.00,99.00,66.00,66.00,33.00,33.00,33.00,33.00,66.00,66.00,66.00,33.00
1755087644.4992857,66.00,99.00,66.00,66.00,33.00,33.00,33.00,33.00,66.00,66.00,66.00,33.00
1755087647.7451794,66.00,99.00,66.00,66.00,33.00,33.00,33.00,33.00,99.00,66.00,66.00,33.00
1755087647.745624,66.00,99.00,66.00,66.00,33.00,33.00,33.00,33.00,99.00,66.00,66.00,33.00
1755087657.8739507,66.00,99.00,66.00,66.00,0.00,33.00,33.00,33.00,99.00,66.00,66.00,0.00
1755087657.8796031,66.00,99.00,66.00,66.00,0.00,33.00,33.00,33.00,99.00,66.00,66.00,0.00
1755087659.5929575,66.00,33.00,66.00,66.00,0.00,33.00,33.00,66.00,99.00,66.00,66.00,0.00
1755087659.5938714,66.00,33.00,66.00,66.00,0.00,33.00,33.00,66.00,99.00,66.00,66.00,0.00
1755087661.1683102,66.00,33.00,66.00,66.00,0.00,0.00,33.00,66.00,99.00,66.00,66.00,0.00
1755087661.1687396,66.00,33.00,66.00,66.00,0.00,0.00,33.00,66.00,99.00,66.00,66.00,0.00
1755087662.8099077,66.00,33.00,66.00,66.00,0.00,0.00,33.00,66.00,99.00,66.00,66.00,0.00
1755087662.8102174,66.00,33.00,66.00,66.00,0.00,0.00,33.00,66.00,99.00,66.00,66.00,0.00
1755087664.4488885,66.00,33.00,66.00,66.00,0.00,0.00,33.00,66.00,99.00,66.00,66.00,0.00
1755087664.4492233,66.00,33.00,66.00,66.00,0.00,0.00,33.00,66.00,99.00,66.00,66.00,0.00
1755087665.5404239,66.00,33.00,66.00,66.00,33.00,0.00,33.00,66.00,99.00,66.00,66.00,0.00
1755087665.5407436,66.00,33.00,66.00,66.00,33.00,0.00,33.00,66.00,99.00,66.00,66.00,0.00
1755087666.7445698,66.00,66.00,66.00,66.00,33.00,0.00,33.00,66.00,99.00,66.00,66.00,0.00
1755087666.7463822,66.00,66.00,66.00,66.00,33.00,0.00,33.00,66.00,99.00,66.00,66.00,0.00
1755087667.993947,66.00,66.00,66.00,66.00,33.00,0.00,33.00,66.00,99.00,66.00,66.00,0.00
1755087667.9942827,66.00,66.00,66.00,66.00,33.00,0.00,33.00,66.00,99.00,66.00,66.00,0.00
1755087668.9044561,33.00,33.00,66.00,66.00,33.00,0.00,0.00,99.00,99.00,66.00,66.00,0.00
1755087668.9049306,33.00,33.00,66.00,66.00,33.00,0.00,0.00,99.00,99.00,66.00,66.00,0.00
1755087670.2077074,33.00,33.00,66.00,66.00,33.00,0.00,33.00,99.00,99.00,66.00,66.00,0.00
1755087670.2080066,33.00,33.00,66.00,66.00,33.00,0.00,33.00,99.00,99.00,66.00,66.00,0.00
1755087671.3696294,33.00,33.00,66.00,99.00,33.00,0.00,33.00,99.00,99.00,66.00,66.00,0.00
1755087671.3707094,33.00,33.00,66.00,99.00,33.00,0.00,33.00,99.00,99.00,66.00,66.00,0.00
1755087672.4359536,66.00,33.00,66.00,99.00,33.00,0.00,33.00,99.00,99.00,66.00,66.00,0.00
1755087672.436412,66.00,33.00,66.00,99.00,33.00,0.00,33.00,99.00,99.00,66.00,66.00,0.00
1755087674.6465955,66.00,33.00,66.00,99.00,33.00,0.00,33.00,99.00,99.00,66.00,66.00,0.00
1755087674.6469076,66.00,33.00,66.00,99.00,33.00,0.00,33.00,99.00,99.00,66.00,66.00,0.00
1755087684.24033,66.00,66.00,66.00,99.00,33.00,0.00,33.00,66.00,66.00,33.00,66.00,0.00
1755087684.2405732,66.00,66.00,66.00,99.00,33.00,0.00,33.00,66.00,66.00,33.00,66.00,0.00
1755087684.3021212,66.00,66.00,66.00,99.00,33.00,0.00,33.00,66.00,66.00,66.00,66.00,0.00
1755087684.3025155,66.00,66.00,66.00,99.00,33.00,0.00,33.00,66.00,66.00,66.00,66.00,0.00
1755087684.3638558,66.00,66.00,66.00,99.00,33.00,0.00,33.00,66.00,66.00,66.00,66.00,0.00
1755087684.3642764,66.00,66.00,66.00,99.00,33.00,0.00,33.00,66.00,66.00,66.00,66.00,0.00
1755087684.4212477,66.00,66.00,66.00,99.00,33.00,0.00,33.00,66.00,66.00,66.00,66.00,0.00
1755087684.4216564,66.00,66.00,66.00,99.00,33.00,0.00,33.00,66.00,66.00,66.00,66.00,0.00
1755087698.5763779,66.00,66.00,66.00,99.00,33.00,0.00,33.00,66.00,66.00,66.00,33.00,33.00
1755087698.576835,66.00,66.00,66.00,99.00,33.00,0.00,33.00,66.00,66.00,66.00,33.00,33.00
1755087709.7466903,33.00,66.00,66.00,33.00,33.00,0.00,33.00,66.00,66.00,66.00,33.00,33.00
1755087709.7471404,33.00,66.00,66.00,33.00,33.00,0.00,33.00,66.00,66.00,66.00,33.00,33.00
1755087710.5619469,33.00,66.00,66.00,66.00,33.00,0.00,33.00,66.00,66.00,66.00,33.00,33.00
1755087710.5624256,33.00,66.00,66.00,66.00,33.00,0.00,33.00,66.00,66.00,66.00,33.00,33.00
1755087711.3294826,33.00,66.00,66.00,66.00,33.00,0.00,0.00,99.00,66.00,66.00,33.00,33.00
1755087711.3297486,33.00,66.00,66.00,66.00,33.00,0.00,0.00,99.00,66.00,66.00,33.00,33.00
1755087711.7365448,33.00,66.00,66.00,66.00,33.00,0.00,0.00,99.00,66.00,66.00,33.00,33.00
1755087711.7374327,33.00,66.00,66.00,66.00,33.00,0.00,0.00,99.00,66.00,66.00,33.00,33.00
1755087713.4382975,33.00,66.00,33.00,66.00,33.00,0.00,0.00,66.00,66.00,33.00,0.00,33.00
1755087713.4389114,33.00,66.00,33.00,66.00,33.00,0.00,0.00,66.00,66.00,33.00,0.00,33.00
1755087714.355512,33.00,66.00,33.00,66.00,33.00,0.00,0.00,66.00,66.00,33.00,0.00,33.00
1755087714.355891,33.00,66.00,33.00,66.00,33.00,0.00,0.00,66.00,66.00,33.00,0.00,33.00
1755087719.6786165,33.00,66.00,0.00,66.00,33.00,0.00,0.00,33.00,33.00,33.00,0.00,33.00
1755087719.6797154,33.00,66.00,0.00,66.00,33.00,0.00,0.00,33.00,33.00,33.00,0.00,33.00
1755087721.3276541,33.00,66.00,0.00,66.00,33.00,0.00,0.00,33.00,33.00,33.00,0.00,33.00
1755087721.328733,33.00,66.00,0.00,66.00,33.00,0.00,0.00,33.00,33.00,33.00,0.00,33.00
1755087722.9410954,33.00,66.00,0.00,66.00,33.00,0.00,0.00,33.00,33.00,33.00,0.00,33.00
1755087722.9414153,33.00,66.00,0.00,66.00,33.00,0.00,0.00,33.00,33.00,33.00,0.00,33.00
1755087724.1726751,33.00,66.00,0.00,66.00,33.00,0.00,0.00,33.00,33.00,33.00,0.00,33.00
1755087724.173006,33.00,66.00,0.00,66.00,33.00,0.00,0.00,33.00,33.00,33.00,0.00,33.00
1755087725.4924734,33.00,66.00,0.00,66.00,33.00,0.00,33.00,33.00,33.00,33.00,0.00,33.00
1755087725.4929378,33.00,66.00,0.00,66.00,33.00,0.00,33.00,33.00,33.00,33.00,0.00,33.00
1755087731.0191233,33.00,66.00,33.00,33.00,33.00,0.00,33.00,33.00,33.00,33.00,0.00,0.00
1755087731.0194726,33.00,66.00,33.00,33.00,33.00,0.00,33.00,33.00,33.00,33.00,0.00,0.00
1755087734.7178705,33.00,66.00,0.00,33.00,33.00,0.00,33.00,33.00,33.00,33.00,0.00,33.00
1755087734.7181828,33.00,66.00,0.00,33.00,33.00,0.00,33.00,33.00,33.00,33.00,0.00,33.00
1755087736.048454,0.00,66.00,0.00,33.00,0.00,0.00,33.00,33.00,33.00,33.00,0.00,33.00
1755087736.049855,0.00,66.00,0.00,33.00,0.00,0.00,33.00,33.00,33.00,33.00,0.00,33.00
1755087737.5266345,0.00,66.00,0.00,33.00,0.00,0.00,33.00,33.00,33.00,33.00,0.00,33.00
1755087737.5287006,0.00,66.00,0.00,33.00,0.00,0.00,33.00,33.00,33.00,33.00,0.00,33.00
1755087738.8637424,0.00,66.00,0.00,33.00,33.00,0.00,33.00,33.00,33.00,33.00,0.00,33.00
1755087738.865757,0.00,66.00,0.00,33.00,33.00,0.00,33.00,33.00,33.00,33.00,0.00,33.00
1755087739.852503,0.00,66.00,0.00,33.00,33.00,0.00,33.00,33.00,66.00,33.00,0.00,33.00
1755087739.8529258,0.00,66.00,0.00,33.00,33.00,0.00,33.00,33.00,66.00,33.00,0.00,33.00
1755087740.900934,33.00,66.00,0.00,33.00,33.00,0.00,33.00,33.00,66.00,33.00,0.00,33.00
1755087740.901252,33.00,66.00,0.00,33.00,33.00,0.00,33.00,33.00,66.00,33.00,0.00,33.00
1755087760.8001246,33.00,66.00,0.00,33.00,33.00,0.00,33.00,33.00,66.00,33.00,33.00,33.00
1755087760.8005893,33.00,66.00,0.00,33.00,33.00,0.00,33.00,33.00,66.00,33.00,33.00,33.00
1755087761.0999854,33.00,66.00,0.00,33.00,33.00,0.00,33.00,33.00,66.00,33.00,33.00,33.00
1755087761.1004288,33.00,66.00,0.00,33.00,33.00,0.00,33.00,33.00,66.00,33.00,33.00,33.00
1755087761.728987,33.00,66.00,0.00,33.00,33.00,0.00,33.00,33.00,66.00,33.00,33.00,33.00
1755087761.7294185,33.00,66.00,0.00,33.00,33.00,0.00,33.00,33.00,66.00,33.00,33.00,33.00
1755087762.4010725,33.00,66.00,0.00,33.00,33.00,0.00,33.00,33.00,66.00,33.00,33.00,33.00
1755087762.4015317,33.00,66.00,0.00,33.00,33.00,0.00,33.00,33.00,66.00,33.00,33.00,33.00
1755087767.3225996,33.00,33.00,0.00,33.00,33.00,0.00,33.00,33.00,66.00,33.00,33.00,33.00
1755087767.3236973,33.00,33.00,0.00,33.00,33.00,0.00,33.00,33.00,66.00,33.00,33.00,33.00
1755087780.5020804,33.00,33.00,0.00,33.00,33.00,0.00,33.00,33.00,66.00,33.00,33.00,33.00
1755087780.5025244,33.00,33.00,0.00,33.00,33.00,0.00,33.00,33.00,66.00,33.00,33.00,33.00
1755087781.210006,33.00,33.00,0.00,33.00,33.00,0.00,33.00,33.00,66.00,33.00,33.00,33.00
1755087781.2104237,33.00,33.00,0.00,33.00,33.00,0.00,33.00,33.00,66.00,33.00,33.00,33.00
1755087781.7740526,33.00,33.00,0.00,33.00,33.00,0.00,33.00,33.00,66.00,33.00,33.00,33.00
1755087781.7756214,33.00,33.00,0.00,33.00,33.00,0.00,33.00,33.00,66.00,33.00,33.00,33.00
1755087782.1722562,33.00,33.00,0.00,33.00,33.00,0.00,33.00,33.00,66.00,33.00,33.00,33.00
1755087782.1725123,33.00,33.00,0.00,33.00,33.00,0.00,33.00,33.00,66.00,33.00,33.00,33.00
1755087793.7058594,33.00,33.00,0.00,33.00,33.00,0.00,33.00,33.00,66.00,66.00,33.00,33.00
1755087793.7150707,33.00,33.00,0.00,33.00,33.00,0.00,33.00,33.00,66.00,66.00,33.00,33.00
1755087797.9860778,33.00,0.00,0.00,33.00,33.00,0.00,33.00,33.00,66.00,33.00,33.00,33.00
1755087797.9878464,33.00,0.00,0.00,33.00,33.00,0.00,33.00,33.00,66.00,33.00,33.00,33.00
1755087801.9823575,33.00,33.00,0.00,33.00,33.00,0.00,33.00,33.00,66.00,33.00,33.00,33.00
1755087801.982784,33.00,33.00,0.00,33.00,33.00,0.00,33.00,33.00,66.00,33.00,33.00,33.00
1755087802.7983582,33.00,33.00,0.00,33.00,33.00,0.00,33.00,33.00,66.00,33.00,33.00,33.00
1755087802.799232,33.00,33.00,0.00,33.00,33.00,0.00,33.00,33.00,66.00,33.00,33.00,33.00
1755087803.390164,33.00,33.00,0.00,33.00,33.00,0.00,33.00,33.00,66.00,33.00,33.00,33.00
1755087803.390608,33.00,33.00,0.00,33.00,33.00,0.00,33.00,33.00,66.00,33.00,33.00,33.00
1755087803.4398687,33.00,33.00,0.00,33.00,33.00,0.00,33.00,33.00,66.00,33.00,33.00,33.00
1755087803.4402957,33.00,33.00,0.00,33.00,33.00,0.00,33.00,33.00,66.00,33.00,33.00,33.00
1755087803.934837,33.00,33.00,0.00,33.00,33.00,0.00,33.00,33.00,66.00,33.00,33.00,33.00
1755087803.935306,33.00,33.00,0.00,33.00,33.00,0.00,33.00,33.00,66.00,33.00,33.00,33.00
1755087804.7806394,33.00,33.00,0.00,33.00,33.00,0.00,33.00,33.00,66.00,33.00,33.00,33.00
1755087804.7826643,33.00,33.00,0.00,33.00,33.00,0.00,33.00,33.00,66.00,33.00,33.00,33.00
1755087808.5176687,33.00,66.00,0.00,33.00,33.00,0.00,33.00,0.00,66.00,33.00,33.00,33.00
1755087808.5181293,33.00,66.00,0.00,33.00,33.00,0.00,33.00,0.00,66.00,33.00,33.00,33.00
1755087809.777905,33.00,66.00,0.00,33.00,33.00,0.00,33.00,0.00,66.00,33.00,33.00,33.00
1755087809.7799375,33.00,66.00,0.00,33.00,33.00,0.00,33.00,0.00,66.00,33.00,33.00,33.00
1755087817.3492222,33.00,66.00,0.00,66.00,33.00,0.00,33.00,0.00,66.00,33.00,33.00,33.00
1755087817.3509173,33.00,66.00,0.00,66.00,33.00,0.00,33.00,0.00,66.00,33.00,33.00,33.00
1755087818.3458607,33.00,66.00,0.00,66.00,66.00,0.00,33.00,0.00,66.00,33.00,33.00,33.00
1755087818.3470018,33.00,66.00,0.00,66.00,66.00,0.00,33.00,0.00,66.00,33.00,33.00,33.00
1755087818.9926517,33.00,66.00,0.00,66.00,66.00,0.00,33.00,0.00,66.00,66.00,33.00,33.00
1755087818.9946876,33.00,66.00,0.00,66.00,66.00,0.00,33.00,0.00,66.00,66.00,33.00,33.00
1755087819.858889,33.00,66.00,33.00,66.00,66.00,0.00,33.00,0.00,66.00,66.00,33.00,33.00
1755087819.860458,33.00,66.00,33.00,66.00,66.00,0.00,33.00,0.00,66.00,66.00,33.00,33.00
1755087839.371466,33.00,66.00,33.00,66.00,66.00,0.00,33.00,0.00,66.00,33.00,33.00,33.00
1755087839.3717363,33.00,66.00,33.00,66.00,66.00,0.00,33.00,0.00,66.00,33.00,33.00,33.00
1755087839.8735867,33.00,66.00,33.00,66.00,66.00,0.00,33.00,0.00,66.00,66.00,33.00,33.00
1755087839.8738534,33.00,66.00,33.00,66.00,66.00,0.00,33.00,0.00,66.00,66.00,33.00,33.00
1755087840.2135122,33.00,66.00,33.00,66.00,66.00,0.00,33.00,0.00,99.00,66.00,33.00,33.00
1755087840.2139618,33.00,66.00,33.00,66.00,66.00,0.00,33.00,0.00,99.00,66.00,33.00,33.00
1755087840.2587104,33.00,66.00,33.00,66.00,66.00,33.00,33.00,0.00,99.00,66.00,33.00,33.00
1755087840.2589307,33.00,66.00,33.00,66.00,66.00,33.00,33.00,0.00,99.00,66.00,33.00,33.00
1755087859.3761184,33.00,66.00,33.00,66.00,33.00,33.00,33.00,0.00,66.00,66.00,33.00,0.00
1755087859.3765414,33.00,66.00,33.00,66.00,33.00,33.00,33.00,0.00,66.00,66.00,33.00,0.00
1755087859.4453075,33.00,66.00,33.00,66.00,33.00,33.00,33.00,0.00,66.00,66.00,33.00,0.00
1755087859.4462163,33.00,66.00,33.00,66.00,33.00,33.00,33.00,0.00,66.00,66.00,33.00,0.00
1755087859.9495811,33.00,66.00,33.00,66.00,33.00,33.00,33.00,0.00,66.00,66.00,33.00,0.00
1755087859.9500186,33.00,66.00,33.00,66.00,33.00,33.00,33.00,0.00,66.00,66.00,33.00,0.00
1755087860.0160933,33.00,66.00,33.00,66.00,33.00,33.00,33.00,0.00,66.00,66.00,33.00,0.00
1755087860.016548,33.00,66.00,33.00,66.00,33.00,33.00,33.00,0.00,66.00,66.00,33.00,0.00
1755087880.5493774,33.00,66.00,33.00,66.00,33.00,33.00,33.00,0.00,66.00,66.00,33.00,0.00
1755087880.549679,33.00,66.00,33.00,66.00,33.00,33.00,33.00,0.00,66.00,66.00,33.00,0.00
1755087881.6033516,66.00,66.00,33.00,66.00,33.00,33.00,33.00,0.00,66.00,66.00,33.00,0.00
1755087881.6036646,66.00,66.00,33.00,66.00,33.00,33.00,33.00,0.00,66.00,66.00,33.00,0.00
1755087885.5799165,66.00,66.00,33.00,66.00,33.00,33.00,33.00,0.00,66.00,33.00,0.00,0.00
1755087885.580374,66.00,66.00,33.00,66.00,33.00,33.00,33.00,0.00,66.00,33.00,0.00,0.00
1755087887.233956,66.00,66.00,33.00,66.00,33.00,33.00,0.00,33.00,66.00,33.00,0.00,0.00
1755087887.237685,66.00,66.00,33.00,66.00,33.00,33.00,0.00,33.00,66.00,33.00,0.00,0.00
1755087889.1511543,66.00,66.00,33.00,66.00,33.00,33.00,33.00,33.00,66.00,33.00,0.00,0.00
1755087889.1515923,66.00,66.00,33.00,66.00,33.00,33.00,33.00,33.00,66.00,33.00,0.00,0.00
1755087890.964202,66.00,66.00,33.00,66.00,66.00,33.00,33.00,33.00,66.00,33.00,0.00,0.00
1755087890.9656143,66.00,66.00,33.00,66.00,66.00,33.00,33.00,33.00,66.00,33.00,0.00,0.00
1755087892.621192,66.00,66.00,33.00,66.00,66.00,33.00,66.00,33.00,66.00,33.00,0.00,0.00
1755087892.6216364,66.00,66.00,33.00,66.00,66.00,33.00,66.00,33.00,66.00,33.00,0.00,0.00
1755087893.8871315,66.00,66.00,33.00,66.00,66.00,33.00,66.00,33.00,66.00,33.00,0.00,33.00
1755087893.887611,66.00,66.00,33.00,66.00,66.00,33.00,66.00,33.00,66.00,33.00,0.00,33.00
1755087895.4940462,66.00,66.00,33.00,66.00,66.00,33.00,66.00,33.00,99.00,33.00,0.00,33.00
1755087895.4958346,66.00,66.00,33.00,66.00,66.00,33.00,66.00,33.00,99.00,33.00,0.00,33.00
1755087897.0949755,33.00,33.00,33.00,33.00,66.00,0.00,66.00,33.00,66.00,33.00,0.00,33.00
1755087897.0987172,33.00,33.00,33.00,33.00,66.00,0.00,66.00,33.00,66.00,33.00,0.00,33.00
1755087898.5381649,33.00,33.00,33.00,33.00,66.00,0.00,66.00,33.00,66.00,33.00,0.00,33.00
1755087898.5403626,33.00,33.00,33.00,33.00,66.00,0.00,66.00,33.00,66.00,33.00,0.00,33.00
1755087899.8164814,33.00,33.00,33.00,33.00,66.00,0.00,66.00,33.00,66.00,33.00,33.00,33.00
1755087899.818535,33.00,33.00,33.00,33.00,66.00,0.00,66.00,33.00,66.00,33.00,33.00,33.00
1755087900.8158221,33.00,33.00,33.00,33.00,66.00,0.00,66.00,33.00,66.00,33.00,33.00,33.00
1755087900.816159,33.00,33.00,33.00,33.00,66.00,0.00,66.00,33.00,66.00,33.00,33.00,33.00
1755087901.7634199,33.00,33.00,33.00,33.00,66.00,0.00,66.00,33.00,66.00,33.00,33.00,33.00
1755087901.7650998,33.00,33.00,33.00,33.00,66.00,0.00,66.00,33.00,66.00,33.00,33.00,33.00
1755087903.630136,33.00,66.00,33.00,33.00,66.00,0.00,66.00,33.00,66.00,33.00,33.00,33.00
1755087903.6304586,33.00,66.00,33.00,33.00,66.00,0.00,66.00,33.00,66.00,33.00,33.00,33.00
1755087905.0630043,33.00,66.00,33.00,66.00,66.00,0.00,33.00,33.00,66.00,33.00,33.00,33.00
1755087905.0650644,33.00,66.00,33.00,66.00,66.00,0.00,33.00,33.00,66.00,33.00,33.00,33.00
1755087906.2108064,33.00,66.00,33.00,66.00,66.00,0.00,66.00,33.00,66.00,33.00,33.00,33.00
1755087906.2112591,33.00,66.00,33.00,66.00,66.00,0.00,66.00,33.00,66.00,33.00,33.00,33.00
1755087907.853483,33.00,66.00,33.00,66.00,66.00,33.00,66.00,33.00,66.00,33.00,33.00,33.00
1755087907.857705,33.00,66.00,33.00,66.00,66.00,33.00,66.00,33.00,66.00,33.00,33.00,33.00
1755087909.4493923,33.00,66.00,33.00,66.00,66.00,33.00,66.00,0.00,66.00,0.00,33.00,33.00
1755087909.4504285,33.00,66.00,33.00,66.00,66.00,33.00,66.00,0.00,66.00,0.00,33.00,33.00
1755087911.023783,33.00,33.00,33.00,66.00,66.00,33.00,66.00,0.00,66.00,0.00,33.00,33.00
1755087911.0247543,33.00,33.00,33.00,66.00,66.00,33.00,66.00,0.00,66.00,0.00,33.00,33.00
1755087923.7201385,33.00,33.00,33.00,66.00,66.00,33.00,66.00,0.00,66.00,33.00,33.00,33.00
1755087923.7209523,33.00,33.00,33.00,66.00,66.00,33.00,66.00,0.00,66.00,33.00,33.00,33.00
1755087925.5755384,33.00,66.00,33.00,66.00,66.00,33.00,66.00,0.00,66.00,33.00,33.00,33.00
1755087925.5758634,33.00,66.00,33.00,66.00,66.00,33.00,66.00,0.00,66.00,33.00,33.00,33.00
1755087926.6187859,33.00,66.00,33.00,66.00,66.00,33.00,66.00,0.00,66.00,66.00,33.00,33.00
1755087926.6199014,33.00,66.00,33.00,66.00,66.00,33.00,66.00,0.00,66.00,66.00,33.00,33.00
1755087927.6199687,33.00,66.00,33.00,66.00,66.00,33.00,66.00,0.00,66.00,66.00,33.00,33.00
1755087927.6210766,33.00,66.00,33.00,66.00,66.00,33.00,66.00,0.00,66.00,66.00,33.00,33.00
1755087928.7970653,33.00,66.00,33.00,66.00,66.00,33.00,66.00,33.00,66.00,66.00,33.00,33.00
1755087928.7974856,33.00,66.00,33.00,66.00,66.00,33.00,66.00,33.00,66.00,66.00,33.00,33.00
1755087945.3125343,33.00,66.00,33.00,66.00,33.00,33.00,66.00,33.00,66.00,33.00,0.00,33.00
1755087945.3136516,33.00,66.00,33.00,66.00,33.00,33.00,66.00,33.00,66.00,33.00,0.00,33.00
1755087946.2775834,33.00,66.00,33.00,66.00,33.00,33.00,66.00,33.00,66.00,66.00,0.00,33.00
1755087946.2780669,33.00,66.00,33.00,66.00,33.00,33.00,66.00,33.00,66.00,66.00,0.00,33.00
1755087947.316806,66.00,66.00,33.00,66.00,33.00,33.00,66.00,33.00,66.00,66.00,0.00,33.00
1755087947.3206956,66.00,66.00,33.00,66.00,33.00,33.00,66.00,33.00,66.00,66.00,0.00,33.00
1755087948.6403894,66.00,66.00,33.00,66.00,33.00,33.00,66.00,33.00,99.00,66.00,0.00,33.00
1755087948.6408143,66.00,66.00,33.00,66.00,33.00,33.00,66.00,33.00,99.00,66.00,0.00,33.00
1755087955.6185617,66.00,66.00,0.00,33.00,33.00,33.00,66.00,33.00,66.00,99.00,0.00,33.00
1755087955.6188838,66.00,66.00,0.00,33.00,33.00,33.00,66.00,33.00,66.00,99.00,0.00,33.00
1755087962.7558851,66.00,99.00,0.00,33.00,33.00,33.00,66.00,33.00,66.00,99.00,0.00,33.00
1755087962.7596073,66.00,99.00,0.00,33.00,33.00,33.00,66.00,33.00,66.00,99.00,0.00,33.00
1755087964.3604884,66.00,99.00,0.00,33.00,33.00,33.00,66.00,33.00,99.00,99.00,0.00,33.00
1755087964.3608017,66.00,99.00,0.00,33.00,33.00,33.00,66.00,33.00,99.00,99.00,0.00,33.00
1755087965.4941669,33.00,99.00,33.00,33.00,33.00,33.00,66.00,33.00,99.00,99.00,0.00,33.00
1755087965.4961076,33.00,99.00,33.00,33.00,33.00,33.00,66.00,33.00,99.00,99.00,0.00,33.00
1755087966.4239373,66.00,99.00,33.00,33.00,33.00,33.00,66.00,33.00,99.00,99.00,0.00,33.00
1755087966.4261491,66.00,99.00,33.00,33.00,33.00,33.00,66.00,33.00,99.00,99.00,0.00,33.00
1755087967.656279,99.00,99.00,33.00,33.00,33.00,33.00,66.00,33.00,99.00,99.00,0.00,33.00
1755087967.6574147,99.00,99.00,33.00,33.00,33.00,33.00,66.00,33.00,99.00,99.00,0.00,33.00
1755087969.1643422,99.00,99.00,33.00,33.00,33.00,66.00,66.00,33.00,99.00,99.00,0.00,33.00
1755087969.165729,99.00,99.00,33.00,33.00,33.00,66.00,66.00,33.00,99.00,99.00,0.00,33.00
1755087970.676711,99.00,99.00,33.00,33.00,33.00,66.00,99.00,33.00,99.00,99.00,0.00,33.00
1755087970.67707,99.00,99.00,33.00,33.00,33.00,66.00,99.00,33.00,99.00,99.00,0.00,33.00
