0,sfc_unique_p3_1,unknown,False,False,0,0,0,0,0
0,sfc_unique_p5_1,unknown,False,False,0,0,0,0,0
0,sfc_unique_p6_1,unknown,False,False,0,0,0,0,0
1,sfc_unique_p6_1,unknown,False,False,0,0,0,0,0
1,sfc_cache_p2_2,unknown,False,False,0,0,0,0,0
1,sfc_unique_p5_3,unknown,False,False,0,0,0,0,0
1,sfc_unique_p6_3,unknown,False,False,0,0,0,0,0
1,sfc_cache_p6_2,unknown,False,False,0,0,0,0,0
1,sfc_cache_p2_5,unknown,False,False,0,0,0,0,0
1,sfc_unique_p4_5,unknown,False,False,0,0,0,0,0
1,sfc_unique_p5_5,unknown,False,False,0,0,0,0,0
1,sfc_cache_p1_5,unknown,False,False,0,0,0,0,0
2,sfc_cache_p3_3,unknown,False,False,0,0,0,0,0
2,sfc_unique_p5_4,unknown,False,False,0,0,0,0,0
2,sfc_cache_p3_2,unknown,False,False,0,0,0,0,0
2,sfc_unique_p4_2,unknown,False,False,0,0,0,0,0
2,sfc_unique_p6_5,unknown,False,False,0,0,0,0,0
2,sfc_cache_p6_3,unknown,False,False,0,0,0,0,0
2,sfc_unique_p1_2,unknown,False,False,0,0,0,0,0
2,sfc_cache_p4_4,unknown,False,False,0,0,0,0,0
3,sfc_cache_p2_3,unknown,False,False,0,0,0,0,0
3,sfc_unique_p4_3,unknown,False,False,0,0,0,0,0
3,sfc_cache_p6_4,unknown,False,False,0,0,0,0,0
3,sfc_unique_p1_5,unknown,False,False,0,0,0,0,0
3,sfc_cache_p6_2,unknown,False,False,0,0,0,0,0
3,sfc_cache_p6_3,unknown,False,False,0,0,0,0,0
3,sfc_unique_p6_5,unknown,False,False,0,0,0,0,0
3,sfc_unique_p1_3,unknown,False,False,0,0,0,0,0
3,sfc_unique_p5_1,unknown,False,False,0,0,0,0,0
3,sfc_unique_p4_5,unknown,False,False,0,0,0,0,0
3,sfc_cache_p4_4,unknown,False,False,0,0,0,0,0
4,sfc_cache_p3_5,unknown,False,False,0,0,0,0,0
4,sfc_unique_p5_4,unknown,False,False,0,0,0,0,0
4,sfc_cache_p1_7,unknown,False,False,0,0,0,0,0
4,sfc_cache_p3_7,unknown,False,False,0,0,0,0,0
4,sfc_unique_p4_7,unknown,False,False,0,0,0,0,0
4,sfc_unique_p6_7,unknown,False,False,0,0,0,0,0
4,sfc_cache_p1_3,unknown,False,False,0,0,0,0,0
4,sfc_cache_p2_7,unknown,False,False,0,0,0,0,0
4,sfc_unique_p5_7,unknown,False,False,0,0,0,0,0
5,sfc_cache_p2_4,unknown,False,False,0,0,0,0,0
5,sfc_unique_p5_7,unknown,False,False,0,0,0,0,0
5,sfc_cache_p1_3,unknown,False,False,0,0,0,0,0
5,sfc_unique_p6_7,unknown,False,False,0,0,0,0,0
5,sfc_cache_p3_7,unknown,False,False,0,0,0,0,0
5,sfc_unique_p1_7,unknown,False,False,0,0,0,0,0
5,sfc_cache_p3_5,unknown,False,False,0,0,0,0,0
6,sfc_cache_p1_4,unknown,False,False,0,0,0,0,0
6,sfc_unique_p5_3,unknown,False,False,0,0,0,0,0
6,sfc_cache_p4_2,unknown,False,False,0,0,0,0,0
6,sfc_unique_p3_2,unknown,False,False,0,0,0,0,0
6,sfc_cache_p4_3,unknown,False,False,0,0,0,0,0
6,sfc_unique_p2_3,unknown,False,False,0,0,0,0,0
6,sfc_cache_p2_2,unknown,False,False,0,0,0,0,0
6,sfc_cache_p3_3,unknown,False,False,0,0,0,0,0
7,sfc_cache_p6_5,unknown,False,False,0,0,0,0,0
8,sfc_cache_p1_9,unknown,False,False,0,0,0,0,0
8,sfc_cache_p3_9,unknown,False,False,0,0,0,0,0
8,sfc_cache_p5_9,unknown,False,False,0,0,0,0,0
8,sfc_unique_p6_9,unknown,False,False,0,0,0,0,0
8,sfc_cache_p4_9,unknown,False,False,0,0,0,0,0
9,sfc_cache_p5_10,unknown,False,False,0,0,0,0,0
9,sfc_unique_p6_11,unknown,False,False,0,0,0,0,0
9,sfc_unique_p2_11,unknown,False,False,0,0,0,0,0
10,sfc_cache_p3_12,unknown,False,False,0,0,0,0,0
10,sfc_unique_p4_12,unknown,False,False,0,0,0,0,0
10,sfc_cache_p6_14,unknown,False,False,0,0,0,0,0
10,sfc_unique_p2_11,unknown,False,False,0,0,0,0,0
10,sfc_unique_p5_10,unknown,False,False,0,0,0,0,0
10,sfc_unique_p4_10,unknown,False,False,0,0,0,0,0
10,sfc_unique_p5_12,unknown,False,False,0,0,0,0,0
10,sfc_cache_p4_11,unknown,False,False,0,0,0,0,0
10,sfc_unique_p4_13,unknown,False,False,0,0,0,0,0
11,sfc_unique_p3_13,unknown,False,False,0,0,0,0,0
11,sfc_cache_p2_14,unknown,False,False,0,0,0,0,0
11,sfc_unique_p3_14,unknown,False,False,0,0,0,0,0
11,sfc_cache_p5_14,unknown,False,False,0,0,0,0,0
11,sfc_unique_p1_13,unknown,False,False,0,0,0,0,0
11,sfc_cache_p4_13,unknown,False,False,0,0,0,0,0
11,sfc_cache_p2_16,unknown,False,False,0,0,0,0,0
11,sfc_cache_p3_12,unknown,False,False,0,0,0,0,0
11,sfc_cache_p5_18,unknown,False,False,0,0,0,0,0
11,sfc_cache_p2_13,unknown,False,False,0,0,0,0,0
11,sfc_unique_p4_14,unknown,False,False,0,0,0,0,0
11,sfc_unique_p4_12,unknown,False,False,0,0,0,0,0
12,sfc_unique_p1_18,unknown,False,False,0,0,0,0,0
12,sfc_unique_p4_18,unknown,False,False,0,0,0,0,0
12,sfc_cache_p4_13,unknown,False,False,0,0,0,0,0
12,sfc_cache_p2_14,unknown,False,False,0,0,0,0,0
12,sfc_unique_p6_13,unknown,False,False,0,0,0,0,0
12,sfc_unique_p1_14,unknown,False,False,0,0,0,0,0
12,sfc_unique_p4_16,unknown,False,False,0,0,0,0,0
12,sfc_unique_p2_13,unknown,False,False,0,0,0,0,0
13,sfc_cache_p5_20,unknown,False,False,0,0,0,0,0
13,sfc_unique_p6_20,unknown,False,False,0,0,0,0,0
13,sfc_cache_p2_21,unknown,False,False,0,0,0,0,0
13,sfc_unique_p3_21,unknown,False,False,0,0,0,0,0
13,sfc_unique_p5_21,unknown,False,False,0,0,0,0,0
13,sfc_cache_p4_16,unknown,False,False,0,0,0,0,0
13,sfc_unique_p2_16,unknown,False,False,0,0,0,0,0
13,sfc_cache_p5_17,unknown,False,False,0,0,0,0,0
13,sfc_unique_p1_17,unknown,False,False,0,0,0,0,0
13,sfc_unique_p1_22,unknown,False,False,0,0,0,0,0
13,sfc_unique_p3_22,unknown,False,False,0,0,0,0,0
13,sfc_unique_p3_16,unknown,False,False,0,0,0,0,0
14,sfc_unique_p4_21,unknown,False,False,0,0,0,0,0
14,sfc_unique_p2_22,unknown,False,False,0,0,0,0,0
14,sfc_unique_p3_22,unknown,False,False,0,0,0,0,0
14,sfc_unique_p5_17,unknown,False,False,0,0,0,0,0
14,sfc_cache_p2_21,unknown,False,False,0,0,0,0,0
14,sfc_cache_p5_20,unknown,False,False,0,0,0,0,0
14,sfc_unique_p3_23,unknown,False,False,0,0,0,0,0
14,sfc_unique_p6_22,unknown,False,False,0,0,0,0,0
14,sfc_unique_p2_23,unknown,False,False,0,0,0,0,0
15,sfc_cache_p1_21,unknown,False,False,0,0,0,0,0
15,sfc_cache_p4_17,unknown,False,False,0,0,0,0,0
15,sfc_cache_p2_23,unknown,False,False,0,0,0,0,0
15,sfc_cache_p3_23,unknown,False,False,0,0,0,0,0
15,sfc_unique_p5_20,unknown,False,False,0,0,0,0,0
15,sfc_cache_p4_20,unknown,False,False,0,0,0,0,0
15,sfc_unique_p4_22,unknown,False,False,0,0,0,0,0
15,sfc_unique_p3_22,unknown,False,False,0,0,0,0,0
16,sfc_cache_p2_21,unknown,False,False,0,0,0,0,0
16,sfc_unique_p5_25,unknown,False,False,0,0,0,0,0
16,sfc_unique_p2_24,unknown,False,False,0,0,0,0,0
16,sfc_unique_p3_24,unknown,False,False,0,0,0,0,0
17,sfc_cache_p1_22,unknown,False,False,0,0,0,0,0
17,sfc_unique_p1_23,unknown,False,False,0,0,0,0,0
17,sfc_unique_p6_25,unknown,False,False,0,0,0,0,0
17,sfc_unique_p5_25,unknown,False,False,0,0,0,0,0
17,sfc_unique_p2_21,unknown,False,False,0,0,0,0,0
18,sfc_unique_p5_22,unknown,False,False,0,0,0,0,0
18,sfc_cache_p5_23,unknown,False,False,0,0,0,0,0
18,sfc_cache_p2_22,unknown,False,False,0,0,0,0,0
18,sfc_cache_p3_22,unknown,False,False,0,0,0,0,0
18,sfc_cache_p3_23,unknown,False,False,0,0,0,0,0
18,sfc_unique_p6_22,unknown,False,False,0,0,0,0,0
18,sfc_unique_p1_22,unknown,False,False,0,0,0,0,0
18,sfc_unique_p2_23,unknown,False,False,0,0,0,0,0
18,sfc_cache_p4_23,unknown,False,False,0,0,0,0,0
18,sfc_unique_p6_23,unknown,False,False,0,0,0,0,0
19,sfc_cache_p6_24,unknown,False,False,0,0,0,0,0
19,sfc_unique_p3_25,unknown,False,False,0,0,0,0,0
19,sfc_cache_p2_24,unknown,False,False,0,0,0,0,0
19,sfc_cache_p5_24,unknown,False,False,0,0,0,0,0
19,sfc_unique_p4_24,unknown,False,False,0,0,0,0,0
19,sfc_cache_p4_23,unknown,False,False,0,0,0,0,0
19,sfc_unique_p1_22,unknown,False,False,0,0,0,0,0
19,sfc_unique_p5_25,unknown,False,False,0,0,0,0,0
19,sfc_unique_p6_23,unknown,False,False,0,0,0,0,0
20,sfc_cache_p6_23,unknown,False,False,0,0,0,0,0
20,sfc_unique_p1_22,unknown,False,False,0,0,0,0,0
20,sfc_unique_p4_24,unknown,False,False,0,0,0,0,0
20,sfc_unique_p5_24,unknown,False,False,0,0,0,0,0
20,sfc_cache_p3_25,unknown,False,False,0,0,0,0,0
20,sfc_cache_p3_23,unknown,False,False,0,0,0,0,0
20,sfc_unique_p2_22,unknown,False,False,0,0,0,0,0
20,sfc_cache_p5_22,unknown,False,False,0,0,0,0,0
20,sfc_cache_p3_22,unknown,False,False,0,0,0,0,0
21,sfc_cache_p2_24,unknown,False,False,0,0,0,0,0
21,sfc_unique_p5_23,unknown,False,False,0,0,0,0,0
21,sfc_cache_p5_22,unknown,False,False,0,0,0,0,0
21,sfc_cache_p3_23,unknown,False,False,0,0,0,0,0
21,sfc_cache_p5_24,unknown,False,False,0,0,0,0,0
21,sfc_unique_p4_24,unknown,False,False,0,0,0,0,0
21,sfc_unique_p1_22,unknown,False,False,0,0,0,0,0
21,sfc_unique_p6_23,unknown,False,False,0,0,0,0,0
22,sfc_unique_p3_25,unknown,False,False,0,0,0,0,0
22,sfc_cache_p6_28,unknown,False,False,0,0,0,0,0
22,sfc_unique_p3_23,unknown,False,False,0,0,0,0,0
23,sfc_unique_p5_30,unknown,False,False,0,0,0,0,0
23,sfc_cache_p6_31,unknown,False,False,0,0,0,0,0
23,sfc_cache_p2_28,unknown,False,False,0,0,0,0,0
23,sfc_unique_p2_32,unknown,False,False,0,0,0,0,0
24,sfc_cache_p1_28,unknown,False,False,0,0,0,0,0
24,sfc_cache_p6_30,unknown,False,False,0,0,0,0,0
24,sfc_unique_p5_28,unknown,False,False,0,0,0,0,0
24,sfc_cache_p4_28,unknown,False,False,0,0,0,0,0
24,sfc_cache_p5_30,unknown,False,False,0,0,0,0,0
24,sfc_unique_p3_29,unknown,False,False,0,0,0,0,0
24,sfc_unique_p3_32,unknown,False,False,0,0,0,0,0
24,sfc_cache_p5_32,unknown,False,False,0,0,0,0,0
24,sfc_unique_p1_33,unknown,False,False,0,0,0,0,0
25,sfc_cache_p1_30,unknown,False,False,0,0,0,0,0
25,sfc_unique_p2_30,unknown,False,False,0,0,0,0,0
25,sfc_cache_p4_30,unknown,False,False,0,0,0,0,0
25,sfc_unique_p1_32,unknown,False,False,0,0,0,0,0
25,sfc_unique_p2_33,unknown,False,False,0,0,0,0,0
25,sfc_unique_p6_33,unknown,False,False,0,0,0,0,0
25,sfc_unique_p1_33,unknown,False,False,0,0,0,0,0
25,sfc_cache_p5_30,unknown,False,False,0,0,0,0,0
25,sfc_cache_p2_32,unknown,False,False,0,0,0,0,0
26,sfc_cache_p2_29,unknown,False,False,0,0,0,0,0
26,sfc_unique_p4_32,unknown,False,False,0,0,0,0,0
26,sfc_cache_p4_29,unknown,False,False,0,0,0,0,0
26,sfc_unique_p6_31,unknown,False,False,0,0,0,0,0
26,sfc_cache_p4_31,unknown,False,False,0,0,0,0,0
26,sfc_unique_p6_28,unknown,False,False,0,0,0,0,0
26,sfc_unique_p1_29,unknown,False,False,0,0,0,0,0
26,sfc_unique_p1_28,unknown,False,False,0,0,0,0,0
26,sfc_unique_p4_28,unknown,False,False,0,0,0,0,0
27,sfc_cache_p1_33,unknown,False,False,0,0,0,0,0
27,sfc_unique_p1_35,unknown,False,False,0,0,0,0,0
27,sfc_cache_p3_35,unknown,False,False,0,0,0,0,0
27,sfc_unique_p4_35,unknown,False,False,0,0,0,0,0
27,sfc_cache_p6_35,unknown,False,False,0,0,0,0,0
27,sfc_unique_p3_33,unknown,False,False,0,0,0,0,0
28,sfc_cache_p3_35,unknown,False,False,0,0,0,0,0
28,sfc_cache_p1_33,unknown,False,False,0,0,0,0,0
28,sfc_unique_p4_33,unknown,False,False,0,0,0,0,0
28,sfc_unique_p5_31,unknown,False,False,0,0,0,0,0
28,sfc_cache_p1_36,unknown,False,False,0,0,0,0,0
28,sfc_unique_p2_36,unknown,False,False,0,0,0,0,0
28,sfc_cache_p4_36,unknown,False,False,0,0,0,0,0
28,sfc_unique_p3_32,unknown,False,False,0,0,0,0,0
29,sfc_cache_p2_35,unknown,False,False,0,0,0,0,0
29,sfc_unique_p5_35,unknown,False,False,0,0,0,0,0
29,sfc_cache_p1_37,unknown,False,False,0,0,0,0,0
29,sfc_unique_p2_37,unknown,False,False,0,0,0,0,0
29,sfc_cache_p4_37,unknown,False,False,0,0,0,0,0
29,sfc_unique_p4_35,unknown,False,False,0,0,0,0,0
29,sfc_cache_p5_37,unknown,False,False,0,0,0,0,0
30,sfc_unique_p1_35,unknown,False,False,0,0,0,0,0
30,sfc_cache_p3_36,unknown,False,False,0,0,0,0,0
30,sfc_cache_p5_37,unknown,False,False,0,0,0,0,0
30,sfc_unique_p4_37,unknown,False,False,0,0,0,0,0
30,sfc_unique_p1_37,unknown,False,False,0,0,0,0,0
30,sfc_unique_p3_35,unknown,False,False,0,0,0,0,0
30,sfc_unique_p6_33,unknown,False,False,0,0,0,0,0
31,sfc_cache_p6_35,unknown,False,False,0,0,0,0,0
31,sfc_unique_p5_36,unknown,False,False,0,0,0,0,0
31,sfc_cache_p2_35,unknown,False,False,0,0,0,0,0
31,sfc_cache_p4_37,unknown,False,False,0,0,0,0,0
31,sfc_cache_p5_35,unknown,False,False,0,0,0,0,0
31,sfc_unique_p4_35,unknown,False,False,0,0,0,0,0
31,sfc_cache_p4_36,unknown,False,False,0,0,0,0,0
31,sfc_cache_p6_36,unknown,False,False,0,0,0,0,0
32,sfc_cache_p3_37,unknown,False,False,0,0,0,0,0
32,sfc_unique_p1_35,unknown,False,False,0,0,0,0,0
32,sfc_unique_p3_33,unknown,False,False,0,0,0,0,0
32,sfc_cache_p4_35,unknown,False,False,0,0,0,0,0
32,sfc_cache_p2_35,unknown,False,False,0,0,0,0,0
32,sfc_unique_p6_35,unknown,False,False,0,0,0,0,0
32,sfc_unique_p3_36,unknown,False,False,0,0,0,0,0
32,sfc_unique_p4_36,unknown,False,False,0,0,0,0,0
33,sfc_cache_p4_36,unknown,False,False,0,0,0,0,0
33,sfc_unique_p3_36,unknown,False,False,0,0,0,0,0
33,sfc_unique_p3_37,unknown,False,False,0,0,0,0,0
33,sfc_unique_p1_37,unknown,False,False,0,0,0,0,0
33,sfc_unique_p4_40,unknown,False,False,0,0,0,0,0
34,sfc_unique_p3_39,unknown,False,False,0,0,0,0,0
34,sfc_cache_p2_37,unknown,False,False,0,0,0,0,0
34,sfc_unique_p1_41,unknown,False,False,0,0,0,0,0
34,sfc_cache_p3_41,unknown,False,False,0,0,0,0,0
34,sfc_unique_p4_41,unknown,False,False,0,0,0,0,0
34,sfc_cache_p6_41,unknown,False,False,0,0,0,0,0
34,sfc_cache_p1_37,unknown,False,False,0,0,0,0,0
34,sfc_cache_p4_36,unknown,False,False,0,0,0,0,0
34,sfc_cache_p5_37,unknown,False,False,0,0,0,0,0
35,sfc_cache_p5_38,unknown,False,False,0,0,0,0,0
35,sfc_unique_p2_40,unknown,False,False,0,0,0,0,0
35,sfc_cache_p6_41,unknown,False,False,0,0,0,0,0
35,sfc_cache_p3_41,unknown,False,False,0,0,0,0,0
35,sfc_cache_p1_42,unknown,False,False,0,0,0,0,0
35,sfc_unique_p5_42,unknown,False,False,0,0,0,0,0
35,sfc_unique_p2_38,unknown,False,False,0,0,0,0,0
35,sfc_cache_p4_41,unknown,False,False,0,0,0,0,0
36,sfc_cache_p6_40,unknown,False,False,0,0,0,0,0
36,sfc_unique_p3_41,unknown,False,False,0,0,0,0,0
36,sfc_cache_p2_44,unknown,False,False,0,0,0,0,0
36,sfc_cache_p4_44,unknown,False,False,0,0,0,0,0
36,sfc_unique_p6_44,unknown,False,False,0,0,0,0,0
36,sfc_unique_p6_41,unknown,False,False,0,0,0,0,0
36,sfc_cache_p5_44,unknown,False,False,0,0,0,0,0
37,sfc_cache_p2_41,unknown,False,False,0,0,0,0,0
37,sfc_cache_p1_42,unknown,False,False,0,0,0,0,0
37,sfc_unique_p5_45,unknown,False,False,0,0,0,0,0
37,sfc_unique_p6_45,unknown,False,False,0,0,0,0,0
37,sfc_cache_p5_44,unknown,False,False,0,0,0,0,0
37,sfc_unique_p6_41,unknown,False,False,0,0,0,0,0
37,sfc_unique_p4_46,unknown,False,False,0,0,0,0,0
37,sfc_unique_p3_45,unknown,False,False,0,0,0,0,0
37,sfc_cache_p5_41,unknown,False,False,0,0,0,0,0
38,sfc_cache_p1_44,unknown,False,False,0,0,0,0,0
38,sfc_cache_p4_46,unknown,False,False,0,0,0,0,0
38,sfc_unique_p5_44,unknown,False,False,0,0,0,0,0
38,sfc_unique_p1_47,unknown,False,False,0,0,0,0,0
38,sfc_unique_p3_47,unknown,False,False,0,0,0,0,0
38,sfc_unique_p5_47,unknown,False,False,0,0,0,0,0
38,sfc_unique_p6_45,unknown,False,False,0,0,0,0,0
